{
  "neg_ic_feats": [
    "feat_aura",
    "feat_body_roc",
    "feat_ear_zscore",
    "feat_eye_dist",
    "feat_mind",
    "feat_nose_sigmoid",
    "feat_pulse"
  ],
  "ic_map": {
    "feat_eye_dist": -0.06922258004600577,
    "feat_nose_sigmoid": -0.08081847167706295,
    "feat_tongue_pct": 0.14754656386143136,
    "feat_body_roc": -0.054666040290886904,
    "feat_pulse": -0.049195347879668644,
    "feat_aura": -0.0690715898942658,
    "feat_mind": -0.0918737403519054,
    "feat_ear_zscore": -0.05604268587213871
  }
}