{
  "neg_ic_feats": [
    "feat_eye_dist",
    "feat_ear_zscore",
    "feat_nose_sigmoid",
    "feat_mind",
    "feat_eye_dist_lag12",
    "feat_eye_dist_lag48",
    "feat_ear_zscore_lag48",
    "feat_ear_zscore_lag288",
    "feat_nose_sigmoid_lag12",
    "feat_nose_sigmoid_lag48",
    "feat_nose_sigmoid_lag288",
    "feat_body_roc_lag12",
    "feat_body_roc_lag48",
    "feat_aura_lag288",
    "feat_mind_lag12",
    "feat_mind_lag48"
  ],
  "ic_map": {
    "feat_eye_dist": -0.019796939648200968,
    "feat_ear_zscore": -0.03496944998190915,
    "feat_nose_sigmoid": -0.05073517069192062,
    "feat_tongue_pct": 0.034989702370816216,
    "feat_body_roc": 0.02466272732140237,
    "feat_pulse": 0.025372700536528115,
    "feat_aura": 0.04205506863821593,
    "feat_mind": -0.053039083654699996,
    "feat_eye_dist_lag12": -0.017580589305870486,
    "feat_eye_dist_lag48": -0.017342845834681833,
    "feat_eye_dist_lag288": 0.01940696811202378,
    "feat_ear_zscore_lag12": 0.008584303113487195,
    "feat_ear_zscore_lag48": -0.02202637199338611,
    "feat_ear_zscore_lag288": -0.01781652454729072,
    "feat_nose_sigmoid_lag12": -0.03587983670633543,
    "feat_nose_sigmoid_lag48": -0.0445501756548113,
    "feat_nose_sigmoid_lag288": -0.04863922490218795,
    "feat_tongue_pct_lag12": 0.017164592408484433,
    "feat_tongue_pct_lag48": 0.022872281884747703,
    "feat_tongue_pct_lag288": 0.008701381537795812,
    "feat_body_roc_lag12": -0.013519965712919814,
    "feat_body_roc_lag48": -0.007989918974139403,
    "feat_body_roc_lag288": 0.009725261027136266,
    "feat_pulse_lag12": 0.01753023568193694,
    "feat_pulse_lag48": 0.043446018741801755,
    "feat_pulse_lag288": 0.0025521481391914814,
    "feat_aura_lag12": 0.03692162023431833,
    "feat_aura_lag48": 0.025779812237489933,
    "feat_aura_lag288": -0.005814504082721565,
    "feat_mind_lag12": -0.019659255294033378,
    "feat_mind_lag48": -0.024769879794582866,
    "feat_mind_lag288": 0.028712792670495008
  }
}