{
  "neg_ic_feats": [
    "feat_ear_zscore",
    "feat_body_roc",
    "feat_ear_zscore_lag48",
    "feat_ear_zscore_lag288",
    "feat_body_roc_lag12",
    "feat_body_roc_lag48",
    "feat_body_roc_lag288"
  ],
  "ic_map": {
    "feat_eye_dist": 0.03746343033539826,
    "feat_ear_zscore": -0.019664889556516286,
    "feat_nose_sigmoid": 0.025992978917651937,
    "feat_tongue_pct": 0.04453205974808536,
    "feat_body_roc": -0.021749632368344866,
    "feat_pulse": 0.004323145630396594,
    "feat_aura": 0.05324573007676991,
    "feat_mind": 0.00273776390854083,
    "feat_eye_dist_lag12": 0.03755609269706365,
    "feat_eye_dist_lag48": 0.03591688101790317,
    "feat_eye_dist_lag288": 0.023464184646104235,
    "feat_ear_zscore_lag12": 0.002089248471598118,
    "feat_ear_zscore_lag48": -0.015051831663778095,
    "feat_ear_zscore_lag288": -0.03485594642490167,
    "feat_nose_sigmoid_lag12": 0.04620727452634764,
    "feat_nose_sigmoid_lag48": 0.029170095055718312,
    "feat_nose_sigmoid_lag288": 0.07010562518432058,
    "feat_tongue_pct_lag12": 0.028901683352769224,
    "feat_tongue_pct_lag48": 0.04079090196257404,
    "feat_tongue_pct_lag288": 0.018551809185226944,
    "feat_body_roc_lag12": -0.027589850146536702,
    "feat_body_roc_lag48": -0.008502003067431046,
    "feat_body_roc_lag288": -0.04053877210528755,
    "feat_pulse_lag12": 0.033125762775882306,
    "feat_pulse_lag48": 0.008570423297298877,
    "feat_pulse_lag288": 0.0534604764979129,
    "feat_aura_lag12": 0.04785462520462334,
    "feat_aura_lag48": 0.03457101764363918,
    "feat_aura_lag288": 0.025744967916573065,
    "feat_mind_lag12": 0.046667032453800265,
    "feat_mind_lag48": 0.02688648051503638,
    "feat_mind_lag288": 0.08383587952010906
  }
}