{
  "neg_ic_feats": [
    "feat_eye_dist",
    "feat_ear_zscore",
    "feat_nose_sigmoid",
    "feat_body_roc",
    "feat_aura",
    "feat_mind",
    "feat_eye_dist_lag12",
    "feat_eye_dist_lag48",
    "feat_ear_zscore_lag12",
    "feat_ear_zscore_lag48",
    "feat_ear_zscore_lag288",
    "feat_nose_sigmoid_lag48",
    "feat_body_roc_lag12",
    "feat_body_roc_lag48",
    "feat_body_roc_lag288",
    "feat_aura_lag12",
    "feat_aura_lag48",
    "feat_aura_lag288",
    "feat_mind_lag12",
    "feat_mind_lag48"
  ],
  "ic_map": {
    "feat_eye_dist": -0.018546880790742605,
    "feat_ear_zscore": -0.027368293266171413,
    "feat_nose_sigmoid": -0.013285212583591036,
    "feat_tongue_pct": 0.03774150127867276,
    "feat_body_roc": -0.01589803878599166,
    "feat_pulse": 0.02303117196094564,
    "feat_aura": -0.016812843494160054,
    "feat_mind": -0.05397934717248205,
    "feat_eye_dist_lag12": -0.018163273771920136,
    "feat_eye_dist_lag48": -0.016679882338376605,
    "feat_eye_dist_lag288": 0.011243115526796067,
    "feat_ear_zscore_lag12": -0.013400984695378936,
    "feat_ear_zscore_lag48": -0.03533900507989637,
    "feat_ear_zscore_lag288": -0.0616907216690589,
    "feat_nose_sigmoid_lag12": 0.005945549968306187,
    "feat_nose_sigmoid_lag48": -0.0002609962350810409,
    "feat_nose_sigmoid_lag288": 0.0037633919430625127,
    "feat_tongue_pct_lag12": 0.017656210048400768,
    "feat_tongue_pct_lag48": 0.02273576743445432,
    "feat_tongue_pct_lag288": 0.0082255452216827,
    "feat_body_roc_lag12": -0.023191388865911797,
    "feat_body_roc_lag48": -0.00678397784735174,
    "feat_body_roc_lag288": -0.04296557334968697,
    "feat_pulse_lag12": 0.021505267863069128,
    "feat_pulse_lag48": 0.019713182458422938,
    "feat_pulse_lag288": 0.02961143779270099,
    "feat_aura_lag12": -0.01840950843389294,
    "feat_aura_lag48": -0.023944730415864143,
    "feat_aura_lag288": -0.0006806276580805972,
    "feat_mind_lag12": -0.019854634126188778,
    "feat_mind_lag48": -0.023088153365303878,
    "feat_mind_lag288": 0.0247500319017124
  }
}