{
  "neg_ic_feats": [
    "feat_eye_dist",
    "feat_ear_zscore",
    "feat_nose_sigmoid",
    "feat_pulse",
    "feat_aura",
    "feat_mind"
  ],
  "ic_map": {
    "feat_eye_dist": -0.0770404295231979,
    "feat_ear_zscore": -0.0394921089117593,
    "feat_nose_sigmoid": -0.07304460745735333,
    "feat_tongue_pct": 0.037177366007367256,
    "feat_body_roc": 0.040659198619080815,
    "feat_pulse": -0.0469230442855625,
    "feat_aura": -0.06353822957085382,
    "feat_mind": -0.07902035548791553
  }
}