{
  "neg_ic_feats": [
    "feat_eye_dist",
    "feat_ear_zscore",
    "feat_nose_sigmoid",
    "feat_body_roc",
    "feat_pulse",
    "feat_aura",
    "feat_mind"
  ],
  "ic_map": {
    "feat_eye_dist": -0.07711499237569433,
    "feat_ear_zscore": -0.025268543558837793,
    "feat_nose_sigmoid": -0.026022418075827846,
    "feat_tongue_pct": 0.03783192596930035,
    "feat_body_roc": -0.028623714822385394,
    "feat_pulse": -0.04693732815433286,
    "feat_aura": -0.06353321070408521,
    "feat_mind": -0.0791755217753996
  }
}