{
  "neg_ic_feats": [
    "feat_ear",
    "feat_nose",
    "feat_tongue",
    "feat_body",
    "feat_aura",
    "feat_mind",
    "feat_vix",
    "feat_dxy",
    "feat_eye_lag48",
    "feat_ear_lag12",
    "feat_ear_lag48",
    "feat_ear_lag288",
    "feat_nose_lag48",
    "feat_nose_lag288",
    "feat_tongue_lag12",
    "feat_body_lag12",
    "feat_body_lag48",
    "feat_body_lag288",
    "feat_pulse_lag12",
    "feat_aura_lag12",
    "feat_aura_lag48",
    "feat_aura_lag288",
    "feat_mind_lag12",
    "feat_mind_lag48",
    "feat_mind_lag288",
    "feat_vix_lag12",
    "feat_vix_lag48",
    "feat_vix_lag288",
    "feat_dxy_lag12",
    "feat_vix_x_eye",
    "feat_vix_x_pulse",
    "feat_mind_x_pulse",
    "feat_eye_x_ear",
    "feat_nose_x_aura",
    "feat_eye_x_body",
    "feat_ear_x_nose",
    "feat_regime_flag",
    "feat_mean_rev_proxy"
  ],
  "ic_map": {
    "feat_eye": 0.013491343124306212,
    "feat_ear": -0.04734179252769209,
    "feat_nose": -0.049948825825056144,
    "feat_tongue": -0.0011686203413162808,
    "feat_body": -0.04600080795247519,
    "feat_pulse": 0.005722542599696031,
    "feat_aura": -0.03629071123654683,
    "feat_mind": -0.02455004433008229,
    "feat_vix": -0.07165997207662171,
    "feat_dxy": -0.035675297610702206,
    "feat_eye_lag12": 0.01980477889762376,
    "feat_eye_lag48": -0.0032992793703996172,
    "feat_eye_lag288": 0.018988791099198907,
    "feat_ear_lag12": -0.0014459873315110542,
    "feat_ear_lag48": -0.03940712823467028,
    "feat_ear_lag288": -0.012315079489801001,
    "feat_nose_lag12": 0.004574842027615444,
    "feat_nose_lag48": -0.03476551096499379,
    "feat_nose_lag288": -0.025306353950742468,
    "feat_tongue_lag12": -0.0068279078154085,
    "feat_tongue_lag48": 0.00026803427851823354,
    "feat_tongue_lag288": 0.0016311379773693252,
    "feat_body_lag12": -0.011246363166491004,
    "feat_body_lag48": -0.022704054675225228,
    "feat_body_lag288": -0.0004872576737029765,
    "feat_pulse_lag12": -0.017489855040060304,
    "feat_pulse_lag48": 0.011227908491970497,
    "feat_pulse_lag288": 0.005826613447504984,
    "feat_aura_lag12": -0.013737916954242962,
    "feat_aura_lag48": -0.010537198158335906,
    "feat_aura_lag288": -0.0037942242449687026,
    "feat_mind_lag12": -0.013262353386509516,
    "feat_mind_lag48": -0.0023704694502741665,
    "feat_mind_lag288": -0.00852309531121983,
    "feat_vix_lag12": -0.043295857220300674,
    "feat_vix_lag48": -0.013626964365298116,
    "feat_vix_lag288": -0.0016592740478042188,
    "feat_dxy_lag12": -0.01615360896320449,
    "feat_dxy_lag48": 0.0002453111479693465,
    "feat_dxy_lag288": 0.008938940006491043,
    "feat_vix_x_eye": -0.08237799630692816,
    "feat_vix_x_pulse": -0.07695459561241144,
    "feat_vix_x_mind": 0.018225427931037205,
    "feat_mind_x_pulse": -0.024230386990957403,
    "feat_eye_x_ear": -0.04613525551165601,
    "feat_nose_x_aura": -0.030002614045044996,
    "feat_eye_x_body": -0.03147860461431212,
    "feat_ear_x_nose": -0.04395071962370278,
    "feat_mind_x_aura": 0.0022497745024445503,
    "feat_regime_flag": -0.02104210017231933,
    "feat_mean_rev_proxy": -0.011334715611474342
  },
  "target": "label_sell_win"
}