{
  "neg_ic_feats": [
    "feat_ear_zscore",
    "feat_body_roc",
    "feat_mind",
    "feat_ear_zscore_lag48",
    "feat_ear_zscore_lag288",
    "feat_body_roc_lag12",
    "feat_body_roc_lag48",
    "feat_body_roc_lag288"
  ],
  "ic_map": {
    "feat_eye_dist": 0.03774751980302998,
    "feat_ear_zscore": -0.019420524400565384,
    "feat_nose_sigmoid": 0.026123587036724242,
    "feat_tongue_pct": 0.04392487412312493,
    "feat_body_roc": -0.02128169579612716,
    "feat_pulse": 0.1495917078658653,
    "feat_aura": 0.0528837044634084,
    "feat_mind": -0.014759640768226907,
    "feat_eye_dist_lag12": 0.037892132948211,
    "feat_eye_dist_lag48": 0.03637066297102411,
    "feat_eye_dist_lag288": 0.024233893598250424,
    "feat_ear_zscore_lag12": 0.0017985193545525181,
    "feat_ear_zscore_lag48": -0.014487012183258909,
    "feat_ear_zscore_lag288": -0.03487872027748941,
    "feat_nose_sigmoid_lag12": 0.04630016537963998,
    "feat_nose_sigmoid_lag48": 0.028739375221279218,
    "feat_nose_sigmoid_lag288": 0.07065948258876117,
    "feat_tongue_pct_lag12": 0.029048478185005847,
    "feat_tongue_pct_lag48": 0.0405372421036944,
    "feat_tongue_pct_lag288": 0.018834806429857635,
    "feat_body_roc_lag12": -0.02816979759988044,
    "feat_body_roc_lag48": -0.008090067201151782,
    "feat_body_roc_lag288": -0.04046272205496385,
    "feat_pulse_lag12": 0.15033780161765975,
    "feat_pulse_lag48": 0.15298306648444682,
    "feat_pulse_lag288": 0.15866581041612196,
    "feat_aura_lag12": 0.04806524797018632,
    "feat_aura_lag48": 0.034792552770994245,
    "feat_aura_lag288": 0.026528352205575395,
    "feat_mind_lag12": 0.022302346640127944,
    "feat_mind_lag48": 0.03394412518229889,
    "feat_mind_lag288": 0.06745934713937758
  }
}