{
  "neg_ic_feats": [
    "feat_ear_zscore",
    "feat_body_roc",
    "feat_mind",
    "feat_ear_zscore_lag48",
    "feat_ear_zscore_lag288",
    "feat_body_roc_lag12",
    "feat_body_roc_lag48",
    "feat_body_roc_lag288"
  ],
  "ic_map": {
    "feat_eye_dist": 0.0388296219208392,
    "feat_ear_zscore": -0.01880568428275622,
    "feat_nose_sigmoid": 0.026581322255156862,
    "feat_tongue_pct": 0.04392465227065761,
    "feat_body_roc": -0.020489282709431546,
    "feat_pulse": 0.15223308362499785,
    "feat_aura": 0.04998001114415613,
    "feat_mind": -0.015775282741323754,
    "feat_eye_dist_lag12": 0.039215000152660905,
    "feat_eye_dist_lag48": 0.03826576127893354,
    "feat_eye_dist_lag288": 0.027666858913586594,
    "feat_ear_zscore_lag12": 0.0017940736361739837,
    "feat_ear_zscore_lag48": -0.013683898953517664,
    "feat_ear_zscore_lag288": -0.03645934858649119,
    "feat_nose_sigmoid_lag12": 0.04663407436760334,
    "feat_nose_sigmoid_lag48": 0.02760454923280569,
    "feat_nose_sigmoid_lag288": 0.0725762581288775,
    "feat_tongue_pct_lag12": 0.027615158071336857,
    "feat_tongue_pct_lag48": 0.04062959788578506,
    "feat_tongue_pct_lag288": 0.01804356000175892,
    "feat_body_roc_lag12": -0.02676384751426048,
    "feat_body_roc_lag48": -0.00871751901612754,
    "feat_body_roc_lag288": -0.04153667150897378,
    "feat_pulse_lag12": 0.15298693146695555,
    "feat_pulse_lag48": 0.1549646028543829,
    "feat_pulse_lag288": 0.16090074008532643,
    "feat_aura_lag12": 0.047403745077310884,
    "feat_aura_lag48": 0.036622082552131466,
    "feat_aura_lag288": 0.029969356680594614,
    "feat_mind_lag12": 0.020345784309918975,
    "feat_mind_lag48": 0.03262730611994231,
    "feat_mind_lag288": 0.0703091013394924
  }
}