{
  "neg_ic_feats": [
    "feat_ear",
    "feat_nose",
    "feat_pulse",
    "feat_aura",
    "feat_mind",
    "feat_vix",
    "feat_dxy",
    "feat_rsi14",
    "feat_macd_hist",
    "feat_bb_pct_b",
    "feat_ear_lag12",
    "feat_ear_lag48",
    "feat_ear_lag288",
    "feat_nose_lag48",
    "feat_nose_lag288",
    "feat_tongue_lag288",
    "feat_pulse_lag12",
    "feat_aura_lag12",
    "feat_aura_lag48",
    "feat_mind_lag12",
    "feat_vix_lag12",
    "feat_vix_lag48",
    "feat_vix_lag288",
    "feat_dxy_lag12",
    "feat_dxy_lag288",
    "feat_rsi14_lag12",
    "feat_rsi14_lag48",
    "feat_rsi14_lag288",
    "feat_macd_hist_lag12",
    "feat_macd_hist_lag48",
    "feat_macd_hist_lag288",
    "feat_atr_pct_lag288",
    "feat_bb_pct_b_lag12",
    "feat_bb_pct_b_lag48",
    "feat_bb_pct_b_lag288"
  ],
  "ic_map": {
    "feat_eye": 0.1367554562937761,
    "feat_ear": -0.05279693895438401,
    "feat_nose": -0.027550262349054163,
    "feat_tongue": 0.5302988426745604,
    "feat_body": 0.5101142947478889,
    "feat_pulse": -0.30223978076894276,
    "feat_aura": -0.1782491011937028,
    "feat_mind": -0.19958361521774695,
    "feat_vix": -0.12515075634073058,
    "feat_dxy": -0.26962277918443683,
    "feat_rsi14": -0.06514228186151187,
    "feat_macd_hist": -0.035260624942960464,
    "feat_atr_pct": 0.4427401450655702,
    "feat_vwap_dev": 0.1400354355937059,
    "feat_bb_pct_b": -0.03800217753651877,
    "feat_claw": 0.0,
    "feat_claw_intensity": 0.0,
    "feat_fang_pcr": 0.0,
    "feat_fang_skew": 0.0,
    "feat_fin_netflow": 0.0,
    "feat_nq_return_1h": 0.0,
    "feat_eye_lag12": 0.033749033095938505,
    "feat_eye_lag48": 0.006124331162438343,
    "feat_eye_lag288": 0.0045029638444439865,
    "feat_ear_lag12": -0.0012751940589238906,
    "feat_ear_lag48": -0.034568176338401604,
    "feat_ear_lag288": -0.008311487048904418,
    "feat_nose_lag12": 0.007850307183459497,
    "feat_nose_lag48": -0.029038222757334683,
    "feat_nose_lag288": -0.022609479869741406,
    "feat_tongue_lag12": 0.021502682080962596,
    "feat_tongue_lag48": 0.01915078481223781,
    "feat_tongue_lag288": -0.001518234066020335,
    "feat_body_lag12": 0.016447977771377055,
    "feat_body_lag48": 0.0018325086858356743,
    "feat_body_lag288": 0.002627348402795607,
    "feat_pulse_lag12": -0.03188259591040401,
    "feat_pulse_lag48": 9.876546395855809e-05,
    "feat_pulse_lag288": 0.0032400146382046743,
    "feat_aura_lag12": -0.010890035528208953,
    "feat_aura_lag48": -0.005890683552737875,
    "feat_aura_lag288": 0.003448717879690938,
    "feat_mind_lag12": -0.011294420616149964,
    "feat_mind_lag48": 0.0002745131466017791,
    "feat_mind_lag288": 0.00342545282312363,
    "feat_vix_lag12": -0.043611675414686565,
    "feat_vix_lag48": -0.0019256904267936834,
    "feat_vix_lag288": -0.01819188386631196,
    "feat_dxy_lag12": -0.01034266788145336,
    "feat_dxy_lag48": 0.008991716038857738,
    "feat_dxy_lag288": -0.008929006860646464,
    "feat_rsi14_lag12": -0.0004888171249977192,
    "feat_rsi14_lag48": -0.01204123966955848,
    "feat_rsi14_lag288": -0.012184429527975854,
    "feat_macd_hist_lag12": -0.017682894115335385,
    "feat_macd_hist_lag48": -0.008565976215130122,
    "feat_macd_hist_lag288": -0.02446235879065915,
    "feat_atr_pct_lag12": 0.019447558780278793,
    "feat_atr_pct_lag48": 0.021593302058636563,
    "feat_atr_pct_lag288": -0.006415288231946382,
    "feat_vwap_dev_lag12": 0.02377690139653999,
    "feat_vwap_dev_lag48": 0.027543845154738764,
    "feat_vwap_dev_lag288": 0.030235291436852243,
    "feat_bb_pct_b_lag12": -0.005712059023986481,
    "feat_bb_pct_b_lag48": -0.01137754623772556,
    "feat_bb_pct_b_lag288": -0.020483263887098462,
    "feat_claw_lag12": 0.0,
    "feat_claw_lag48": 0.0,
    "feat_claw_lag288": 0.0,
    "feat_claw_intensity_lag12": 0.0,
    "feat_claw_intensity_lag48": 0.0,
    "feat_claw_intensity_lag288": 0.0,
    "feat_fang_pcr_lag12": 0.0,
    "feat_fang_pcr_lag48": 0.0,
    "feat_fang_pcr_lag288": 0.0,
    "feat_fang_skew_lag12": 0.0,
    "feat_fang_skew_lag48": 0.0,
    "feat_fang_skew_lag288": 0.0,
    "feat_fin_netflow_lag12": 0.0,
    "feat_fin_netflow_lag48": 0.0,
    "feat_fin_netflow_lag288": 0.0,
    "feat_nq_return_1h_lag12": 0.0,
    "feat_nq_return_1h_lag48": 0.0,
    "feat_nq_return_1h_lag288": 0.0
  },
  "ic_global": {
    "feat_eye": 0.030621169114593675,
    "feat_ear": -0.04674498906180084,
    "feat_nose": -0.04572147924923009,
    "feat_tongue": 0.027469518505219594,
    "feat_body": -0.015408754096413645,
    "feat_pulse": -0.01249620459591918,
    "feat_aura": -0.03384958409139479,
    "feat_mind": -0.022358373454365605,
    "feat_vix": -0.07192308157350215,
    "feat_dxy": -0.024332817241892415,
    "feat_rsi14": -0.04990225977944095,
    "feat_macd_hist": -0.05033099847143737,
    "feat_atr_pct": 0.04679069035383853,
    "feat_vwap_dev": 0.016478190782674974,
    "feat_bb_pct_b": -0.05366018315982594,
    "feat_claw": 0.0,
    "feat_claw_intensity": 0.0,
    "feat_fang_pcr": 0.0,
    "feat_fang_skew": 0.0,
    "feat_fin_netflow": 0.0,
    "feat_nq_return_1h": 0.0,
    "feat_eye_lag12": 0.033749033095938505,
    "feat_eye_lag48": 0.006124331162438343,
    "feat_eye_lag288": 0.0045029638444439865,
    "feat_ear_lag12": -0.0012751940589238906,
    "feat_ear_lag48": -0.034568176338401604,
    "feat_ear_lag288": -0.008311487048904418,
    "feat_nose_lag12": 0.007850307183459497,
    "feat_nose_lag48": -0.029038222757334683,
    "feat_nose_lag288": -0.022609479869741406,
    "feat_tongue_lag12": 0.021502682080962596,
    "feat_tongue_lag48": 0.01915078481223781,
    "feat_tongue_lag288": -0.001518234066020335,
    "feat_body_lag12": 0.016447977771377055,
    "feat_body_lag48": 0.0018325086858356743,
    "feat_body_lag288": 0.002627348402795607,
    "feat_pulse_lag12": -0.03188259591040401,
    "feat_pulse_lag48": 9.876546395855809e-05,
    "feat_pulse_lag288": 0.0032400146382046743,
    "feat_aura_lag12": -0.010890035528208953,
    "feat_aura_lag48": -0.005890683552737875,
    "feat_aura_lag288": 0.003448717879690938,
    "feat_mind_lag12": -0.011294420616149964,
    "feat_mind_lag48": 0.0002745131466017791,
    "feat_mind_lag288": 0.00342545282312363,
    "feat_vix_lag12": -0.043611675414686565,
    "feat_vix_lag48": -0.0019256904267936834,
    "feat_vix_lag288": -0.01819188386631196,
    "feat_dxy_lag12": -0.01034266788145336,
    "feat_dxy_lag48": 0.008991716038857738,
    "feat_dxy_lag288": -0.008929006860646464,
    "feat_rsi14_lag12": -0.0004888171249977192,
    "feat_rsi14_lag48": -0.01204123966955848,
    "feat_rsi14_lag288": -0.012184429527975854,
    "feat_macd_hist_lag12": -0.017682894115335385,
    "feat_macd_hist_lag48": -0.008565976215130122,
    "feat_macd_hist_lag288": -0.02446235879065915,
    "feat_atr_pct_lag12": 0.019447558780278793,
    "feat_atr_pct_lag48": 0.021593302058636563,
    "feat_atr_pct_lag288": -0.006415288231946382,
    "feat_vwap_dev_lag12": 0.02377690139653999,
    "feat_vwap_dev_lag48": 0.027543845154738764,
    "feat_vwap_dev_lag288": 0.030235291436852243,
    "feat_bb_pct_b_lag12": -0.005712059023986481,
    "feat_bb_pct_b_lag48": -0.01137754623772556,
    "feat_bb_pct_b_lag288": -0.020483263887098462,
    "feat_claw_lag12": 0.0,
    "feat_claw_lag48": 0.0,
    "feat_claw_lag288": 0.0,
    "feat_claw_intensity_lag12": 0.0,
    "feat_claw_intensity_lag48": 0.0,
    "feat_claw_intensity_lag288": 0.0,
    "feat_fang_pcr_lag12": 0.0,
    "feat_fang_pcr_lag48": 0.0,
    "feat_fang_pcr_lag288": 0.0,
    "feat_fang_skew_lag12": 0.0,
    "feat_fang_skew_lag48": 0.0,
    "feat_fang_skew_lag288": 0.0,
    "feat_fin_netflow_lag12": 0.0,
    "feat_fin_netflow_lag48": 0.0,
    "feat_fin_netflow_lag288": 0.0,
    "feat_nq_return_1h_lag12": 0.0,
    "feat_nq_return_1h_lag48": 0.0,
    "feat_nq_return_1h_lag288": 0.0
  },
  "ic_tw": {
    "feat_eye": 0.1367554562937761,
    "feat_ear": -0.05279693895438401,
    "feat_nose": -0.027550262349054163,
    "feat_tongue": 0.5302988426745604,