{
  "neg_ic_feats": [
    "feat_eye_dist",
    "feat_ear_zscore",
    "feat_nose_sigmoid",
    "feat_mind",
    "feat_eye_dist_lag12",
    "feat_eye_dist_lag48",
    "feat_ear_zscore_lag48",
    "feat_ear_zscore_lag288",
    "feat_nose_sigmoid_lag12",
    "feat_nose_sigmoid_lag48",
    "feat_nose_sigmoid_lag288",
    "feat_body_roc_lag12",
    "feat_body_roc_lag48",
    "feat_aura_lag288",
    "feat_mind_lag12",
    "feat_mind_lag48"
  ],
  "ic_map": {
    "feat_eye_dist": -0.019809715550194687,
    "feat_ear_zscore": -0.03545834412140709,
    "feat_nose_sigmoid": -0.050560069208044796,
    "feat_tongue_pct": 0.03521901289846245,
    "feat_body_roc": 0.02415797593581639,
    "feat_pulse": 0.025982935140814716,
    "feat_aura": 0.04278509373931933,
    "feat_mind": -0.05327879136720756,
    "feat_eye_dist_lag12": -0.01748815183348617,
    "feat_eye_dist_lag48": -0.017447753160810115,
    "feat_eye_dist_lag288": 0.018755725661784493,
    "feat_ear_zscore_lag12": 0.00867027006386451,
    "feat_ear_zscore_lag48": -0.02197639560085196,
    "feat_ear_zscore_lag288": -0.01784198192392994,
    "feat_nose_sigmoid_lag12": -0.035371396667515674,
    "feat_nose_sigmoid_lag48": -0.044097263521792954,
    "feat_nose_sigmoid_lag288": -0.048304522376055294,
    "feat_tongue_pct_lag12": 0.017597333903253277,
    "feat_tongue_pct_lag48": 0.023441146675761942,
    "feat_tongue_pct_lag288": 0.008783863022648487,
    "feat_body_roc_lag12": -0.014151908348021417,
    "feat_body_roc_lag48": -0.008674957349248861,
    "feat_body_roc_lag288": 0.009085596509169548,
    "feat_pulse_lag12": 0.017769022031894757,
    "feat_pulse_lag48": 0.04298412945265528,
    "feat_pulse_lag288": 0.0027150996357958555,
    "feat_aura_lag12": 0.03736959714154951,
    "feat_aura_lag48": 0.02579097269972341,
    "feat_aura_lag288": -0.0061097231823452995,
    "feat_mind_lag12": -0.019775266589019236,
    "feat_mind_lag48": -0.024351424818993925,
    "feat_mind_lag288": 0.02820509145215001
  }
}