{
  "neg_ic_feats": [
    "feat_eye_dist",
    "feat_ear_zscore",
    "feat_nose_sigmoid",
    "feat_body_roc",
    "feat_pulse",
    "feat_aura",
    "feat_mind"
  ],
  "ic_map": {
    "feat_eye_dist": -0.07706301501160219,
    "feat_ear_zscore": -0.039484825600226856,
    "feat_nose_sigmoid": -0.026094622766239247,
    "feat_tongue_pct": 0.03729843897663816,
    "feat_body_roc": -0.028581216138422495,
    "feat_pulse": -0.0469318561557095,
    "feat_aura": -0.06354389794639578,
    "feat_mind": -0.07904810242675575
  }
}