{
  "neg_ic_feats": [
    "feat_eye_dist",
    "feat_ear_zscore",
    "feat_nose_sigmoid",
    "feat_pulse",
    "feat_aura",
    "feat_mind"
  ],
  "ic_map": {
    "feat_eye_dist": -0.06922258004600586,
    "feat_ear_zscore": -0.04323701993234317,
    "feat_nose_sigmoid": -0.08237406549106263,
    "feat_tongue_pct": 0.05713487123715786,
    "feat_body_roc": 0.033694098785113535,
    "feat_pulse": -0.049103217127861226,
    "feat_aura": -0.06909032417918493,
    "feat_mind": -0.09194105287679359
  }
}