{
  "neg_ic_feats": [
    "feat_ear",
    "feat_nose",
    "feat_tongue",
    "feat_aura",
    "feat_mind",
    "feat_eye_lag48",
    "feat_ear_lag12",
    "feat_ear_lag48",
    "feat_ear_lag288",
    "feat_nose_lag48",
    "feat_nose_lag288",
    "feat_tongue_lag12",
    "feat_body_lag48",
    "feat_body_lag288",
    "feat_pulse_lag12",
    "feat_aura_lag12",
    "feat_aura_lag48",
    "feat_aura_lag288",
    "feat_mind_lag12",
    "feat_mind_lag48",
    "feat_mind_lag288"
  ],
  "ic_map": {
    "feat_eye": 0.01397417424928343,
    "feat_ear": -0.047571885915921694,
    "feat_nose": -0.049977493514385636,
    "feat_tongue": -0.001881618313245304,
    "feat_body": 0.003886141403799266,
    "feat_pulse": 0.0051821825631492135,
    "feat_aura": -0.03644867897638756,
    "feat_mind": -0.02454904593644392,
    "feat_whisper": NaN,
    "feat_tone": NaN,
    "feat_chorus": NaN,
    "feat_hype": NaN,
    "feat_oracle": NaN,
    "feat_shock": NaN,
    "feat_tide": NaN,
    "feat_storm": NaN,
    "feat_eye_lag12": 0.020275165925772335,
    "feat_eye_lag48": -0.003272160965729466,
    "feat_eye_lag288": 0.019235280857363295,
    "feat_ear_lag12": -0.0011098364991561037,
    "feat_ear_lag48": -0.03878251549607642,
    "feat_ear_lag288": -0.01288632733801587,
    "feat_nose_lag12": 0.004339525605382047,
    "feat_nose_lag48": -0.03415781773613092,
    "feat_nose_lag288": -0.025731521133643943,
    "feat_tongue_lag12": -0.007154739352267837,
    "feat_tongue_lag48": 0.00037768529025303797,
    "feat_tongue_lag288": 0.0017026571607720576,
    "feat_body_lag12": 0.002288745163635732,
    "feat_body_lag48": -0.009788534467295457,
    "feat_body_lag288": -0.00782751723046573,
    "feat_pulse_lag12": -0.01821207594751509,
    "feat_pulse_lag48": 0.011540704382424069,
    "feat_pulse_lag288": 0.005839729872561073,
    "feat_aura_lag12": -0.013927285185398576,
    "feat_aura_lag48": -0.009949892461203022,
    "feat_aura_lag288": -0.004442872645499026,
    "feat_mind_lag12": -0.013121598691935951,
    "feat_mind_lag48": -0.002243974940465617,
    "feat_mind_lag288": -0.009156808314589895,
    "feat_whisper_lag12": NaN,
    "feat_whisper_lag48": NaN,
    "feat_whisper_lag288": NaN,
    "feat_tone_lag12": NaN,
    "feat_tone_lag48": NaN,
    "feat_tone_lag288": NaN,
    "feat_chorus_lag12": NaN,
    "feat_chorus_lag48": NaN,
    "feat_chorus_lag288": NaN,
    "feat_hype_lag12": NaN,
    "feat_hype_lag48": NaN,
    "feat_hype_lag288": NaN,
    "feat_oracle_lag12": NaN,
    "feat_oracle_lag48": NaN,
    "feat_oracle_lag288": NaN,
    "feat_shock_lag12": NaN,
    "feat_shock_lag48": NaN,
    "feat_shock_lag288": NaN,
    "feat_tide_lag12": NaN,
    "feat_tide_lag48": NaN,
    "feat_tide_lag288": NaN,
    "feat_storm_lag12": NaN,
    "feat_storm_lag48": NaN,
    "feat_storm_lag288": NaN
  },
  "target": "label_sell_win"
}