{
  "neg_ic_feats": [
    "feat_eye_dist",
    "feat_ear_zscore",
    "feat_nose_sigmoid",
    "feat_body_roc",
    "feat_pulse",
    "feat_aura",
    "feat_mind"
  ],
  "ic_map": {
    "feat_eye_dist": -0.0770404295231979,
    "feat_ear_zscore": -0.04400065815518721,
    "feat_nose_sigmoid": -0.0705973055256813,
    "feat_tongue_pct": 0.12700390347962615,
    "feat_body_roc": -0.053086655334867075,
    "feat_pulse": -0.04702993001610496,
    "feat_aura": -0.06353822957085382,
    "feat_mind": -0.07885634410669391
  }
}