{
  "neg_ic_feats": [
    "feat_tongue",
    "feat_body",
    "feat_atr_pct",
    "feat_vwap_dev",
    "feat_fang_pcr",
    "feat_eye_lag12",
    "feat_eye_lag48",
    "feat_eye_lag288",
    "feat_nose_lag12",
    "feat_tongue_lag12",
    "feat_tongue_lag48",
    "feat_tongue_lag288",
    "feat_body_lag12",
    "feat_body_lag48",
    "feat_pulse_lag288",
    "feat_aura_lag288",
    "feat_mind_lag288",
    "feat_dxy_lag48",
    "feat_atr_pct_lag12",
    "feat_atr_pct_lag48",
    "feat_vwap_dev_lag12",
    "feat_vwap_dev_lag48",
    "feat_vwap_dev_lag288",
    "feat_fang_pcr_lag12",
    "feat_nq_return_1h_lag12"
  ],
  "ic_map": {
    "feat_eye": 0.08546565049400244,
    "feat_ear": 0.10216189595763785,
    "feat_nose": 0.0940973667642559,
    "feat_tongue": -0.5693177777914917,
    "feat_body": -0.27850230085878735,
    "feat_pulse": 0.2498948727641449,
    "feat_aura": 0.23047782554539195,
    "feat_mind": 0.25312336229679905,
    "feat_vix": 0.18276700675660626,
    "feat_dxy": 0.27996327798375525,
    "feat_rsi14": 0.16865466824271297,
    "feat_macd_hist": 0.04815571209204117,
    "feat_atr_pct": -0.483763791929195,
    "feat_vwap_dev": -0.1428672925987612,
    "feat_bb_pct_b": 0.0737859690081425,
    "feat_claw": 0.0,
    "feat_claw_intensity": 0.14803114888893348,
    "feat_fang_pcr": -0.14803110356286112,
    "feat_fang_skew": 0.0504999273312151,
    "feat_fin_netflow": 0.0,
    "feat_nq_return_1h": 0.00014080565388285623,
    "feat_eye_lag12": -0.030401435472582804,
    "feat_eye_lag48": -0.009234810543975595,
    "feat_eye_lag288": -0.004123546441986586,
    "feat_ear_lag12": 0.002862633833303713,
    "feat_ear_lag48": 0.03433722744619167,
    "feat_ear_lag288": 0.010674679300499984,
    "feat_nose_lag12": -0.00470047452614807,
    "feat_nose_lag48": 0.029142117431783125,
    "feat_nose_lag288": 0.02276592507697017,
    "feat_tongue_lag12": -0.03117981597958764,
    "feat_tongue_lag48": -0.02883102351940747,
    "feat_tongue_lag288": -0.0005873160404909915,
    "feat_body_lag12": -0.022643360852634138,
    "feat_body_lag48": -0.011644128178761462,
    "feat_body_lag288": 0.00024681232258587246,
    "feat_pulse_lag12": 0.03462596622864242,
    "feat_pulse_lag48": 0.005924352764261792,
    "feat_pulse_lag288": -0.003772293259681582,
    "feat_aura_lag12": 0.012272928100654373,
    "feat_aura_lag48": 0.006479706836398998,
    "feat_aura_lag288": -0.009090563059169074,
    "feat_mind_lag12": 0.012542594639116807,
    "feat_mind_lag48": 0.0005275767341236569,
    "feat_mind_lag288": -0.009848160223112901,
    "feat_vix_lag12": 0.046322959271121913,
    "feat_vix_lag48": 0.0024335989387570364,
    "feat_vix_lag288": 0.017905773941466432,
    "feat_dxy_lag12": 0.015078212845451976,
    "feat_dxy_lag48": -0.00016045649341423653,
    "feat_dxy_lag288": 0.011560860018972427,
    "feat_rsi14_lag12": 0.00455633944362896,
    "feat_rsi14_lag48": 0.011152576547964187,
    "feat_rsi14_lag288": 0.013483162137679664,
    "feat_macd_hist_lag12": 0.01849321558610994,
    "feat_macd_hist_lag48": 0.008838362140172204,
    "feat_macd_hist_lag288": 0.025285944987509284,
    "feat_atr_pct_lag12": -0.028054233356639674,
    "feat_atr_pct_lag48": -0.03034463552733727,
    "feat_atr_pct_lag288": 0.0049204836185399985,
    "feat_vwap_dev_lag12": -0.031675352740013964,
    "feat_vwap_dev_lag48": -0.035525359912373454,
    "feat_vwap_dev_lag288": -0.03853436384969273,
    "feat_bb_pct_b_lag12": 0.007674730149925755,
    "feat_bb_pct_b_lag48": 0.01150406466351277,
    "feat_bb_pct_b_lag288": 0.020928484651456584,
    "feat_claw_lag12": 0.0,
    "feat_claw_lag48": 0.0,
    "feat_claw_lag288": 0.0,
    "feat_claw_intensity_lag12": 0.029663287935110666,
    "feat_claw_intensity_lag48": 0.0,
    "feat_claw_intensity_lag288": 0.0,
    "feat_fang_pcr_lag12": -0.02966328405978683,
    "feat_fang_pcr_lag48": 0.0,
    "feat_fang_pcr_lag288": 0.0,
    "feat_fang_skew_lag12": 0.0074158210149467075,
    "feat_fang_skew_lag48": 0.0,
    "feat_fang_skew_lag288": 0.0,
    "feat_fin_netflow_lag12": 0.0,
    "feat_fin_netflow_lag48": 0.0,
    "feat_fin_netflow_lag288": 0.0,
    "feat_nq_return_1h_lag12": -0.010483462179514744,
    "feat_nq_return_1h_lag48": 0.0,
    "feat_nq_return_1h_lag288": 0.0
  },
  "ic_global": {
    "feat_eye": -0.02347791241488139,
    "feat_ear": 0.049111994003896944,
    "feat_nose": 0.04897173473569247,
    "feat_tongue": -0.0370996035198176,
    "feat_body": 0.01345341582867093,
    "feat_pulse": 0.015270480910076442,
    "feat_aura": 0.03540891240121891,
    "feat_mind": 0.02345935187317428,
    "feat_vix": 0.07643523565974274,
    "feat_dxy": 0.029151222452231965,
    "feat_rsi14": 0.05561051817053125,
    "feat_macd_hist": 0.05103708223307688,
    "feat_atr_pct": -0.05487227255520881,
    "feat_vwap_dev": -0.024367053839435545,
    "feat_bb_pct_b": 0.05540350985227836,
    "feat_claw": 0.0,
    "feat_claw_intensity": 0.04693321189265911,
    "feat_fang_pcr": -0.04693317300759227,
    "feat_fang_skew": 0.028159903892265928,
    "feat_fin_netflow": 0.0,
    "feat_nq_return_1h": 0.0,
    "feat_eye_lag12": -0.030401435472582804,
    "feat_eye_lag48": -0.009234810543975595,
    "feat_eye_lag288": -0.004123546441986586,
    "feat_ear_lag12": 0.002862633833303713,
    "feat_ear_lag48": 0.03433722744619167,
    "feat_ear_lag288": 0.010674679300499984,
    "feat_nose_lag12": -0.00470047452614807,
    "feat_nose_lag48": 0.029142117431783125,
    "feat_nose_lag288": 0.02276592507697017,
    "feat_tongue_lag12": -0.03117981597958764,
    "feat_tongue_lag48": -0.02883102351940747,
    "feat_tongue_lag288": -0.0005873160404909915,
    "feat_body_lag12": -0.022643360852634138,
    "feat_body_lag48": -0.011644128178761462,
    "feat_body_lag288": 0.00024681232258587246,
    "feat_pulse_lag12": 0.03462596622864242,
    "feat_pulse_lag48": 0.005924352764261792,
    "feat_pulse_lag288": -0.003772293259681582,
    "feat_aura_lag12": 0.012272928100654373,
    "feat_aura_lag48": 0.006479706836398998,
    "feat_aura_lag288": -0.009090563059169074,
    "feat_mind_lag12": 0.012542594639116807,
    "feat_mind_lag48": 0.0005275767341236569,
    "feat_mind_lag288": -0.009848160223112901,
    "feat_vix_lag12": 0.046322959271121913,
    "feat_vix_lag48": 0.0024335989387570364,
    "feat_vix_lag288": 0.017905773941466432,
    "feat_dxy_lag12": 0.015078212845451976,
    "feat_dxy_lag48": -0.00016045649341423653,
    "feat_dxy_lag288": 0.011560860018972427,
    "feat_rsi14_lag12": 0.00455633944362896,
    "feat_rsi14_lag48": 0.011152576547964187,
    "feat_rsi14_lag288": 0.013483162137679664,
    "feat_macd_hist_lag12": 0.01849321558610994,
    "feat_macd_hist_lag48": 0.008838362140172204,
    "feat_macd_hist_lag288": 0.025285944987509284,
    "feat_atr_pct_lag12": -0.028054233356639674,
    "feat_atr_pct_lag48": -0.03034463552733727,
    "feat_atr_pct_lag288": 0.0049204836185399985,
    "feat_vwap_dev_lag12": -0.031675352740013964,
    "feat_vwap_dev_lag48": -0.035525359912373454,
    "feat_vwap_dev_lag288": -0.03853436384969273,
    "feat_bb_pct_b_lag12": 0.007674730149925755,
    "feat_bb_pct_b_lag48": 0.01150406466351277,
    "feat_bb_pct_b_lag288": 0.020928484651456584,
    "feat_claw_lag12": 0.0,
    "feat_claw_lag48": 0.0,
    "feat_claw_lag288": 0.0,
    "feat_claw_intensity_lag12": 0.029663287935110666,
    "feat_claw_intensity_lag48": 0.0,
    "feat_claw_intensity_lag288": 0.0,
    "feat_fang_pcr_lag12": -0.02966328405978683,
    "feat_fang_pcr_lag48": 0.0,
    "feat_fang_pcr_lag288": 0.0,
    "feat_fang_skew_lag12": 0.0074158210149467075,
    "feat_fang_skew_lag48": 0.0,
    "feat_fang_skew_lag288": 0.0,
    "feat_fin_netflow_lag12": 0.0,
    "feat_fin_netflow_lag48": 0.0,
    "feat_fin_netflow_lag288": 0.0,
    "feat_nq_return_1h_lag12": -0.010483462179514744,
    "feat_nq_return_1h_lag48": 0.0,
    "feat_nq_return_1h_lag288": 0.0
  },
  "ic_tw": {
    "feat_eye": 0.08546565049400244,
    "feat_ear": 0.10216189595763785,
    "feat_nose": 0.0940973667642559,