{
  "neg_ic_feats": [
    "feat_eye_dist",
    "feat_ear_zscore",
    "feat_nose_sigmoid",
    "feat_mind",
    "feat_eye_dist_lag12",
    "feat_eye_dist_lag48",
    "feat_ear_zscore_lag48",
    "feat_ear_zscore_lag288",
    "feat_nose_sigmoid_lag12",
    "feat_nose_sigmoid_lag48",
    "feat_nose_sigmoid_lag288",
    "feat_body_roc_lag12",
    "feat_body_roc_lag48",
    "feat_pulse_lag48",
    "feat_pulse_lag288",
    "feat_aura_lag288",
    "feat_mind_lag12",
    "feat_mind_lag48"
  ],
  "ic_map": {
    "feat_eye_dist": -0.019576334056313285,
    "feat_ear_zscore": -0.03378856181005618,
    "feat_nose_sigmoid": -0.051149297658527264,
    "feat_tongue_pct": 0.035169606373373505,
    "feat_body_roc": 0.025666810562544058,
    "feat_pulse": 0.008725427154019102,
    "feat_aura": 0.04154765383068599,
    "feat_mind": -0.05243200009637653,
    "feat_eye_dist_lag12": -0.017709222979587443,
    "feat_eye_dist_lag48": -0.017271054169503117,
    "feat_eye_dist_lag288": 0.020652774276265037,
    "feat_ear_zscore_lag12": 0.009167905557905245,
    "feat_ear_zscore_lag48": -0.022113268222618068,
    "feat_ear_zscore_lag288": -0.018008130902856898,
    "feat_nose_sigmoid_lag12": -0.036385543431846544,
    "feat_nose_sigmoid_lag48": -0.04527408236982889,
    "feat_nose_sigmoid_lag288": -0.049549479432887525,
    "feat_tongue_pct_lag12": 0.015747391358644357,
    "feat_tongue_pct_lag48": 0.0220536216090668,
    "feat_tongue_pct_lag288": 0.007863081504645498,
    "feat_body_roc_lag12": -0.01242264722353312,
    "feat_body_roc_lag48": -0.00664071274353999,
    "feat_body_roc_lag288": 0.010993285018304044,
    "feat_pulse_lag12": 0.006153464209197778,
    "feat_pulse_lag48": -0.006654349729402315,
    "feat_pulse_lag288": -0.00888101637366248,
    "feat_aura_lag12": 0.03547117117764936,
    "feat_aura_lag48": 0.02544928210121873,
    "feat_aura_lag288": -0.006089329154769438,
    "feat_mind_lag12": -0.01927440018164639,
    "feat_mind_lag48": -0.02543007128647861,
    "feat_mind_lag288": 0.02971507018689885
  }
}