{
  "neg_ic_feats": [
    "feat_eye_dist",
    "feat_ear_zscore",
    "feat_nose_sigmoid",
    "feat_body_roc",
    "feat_pulse",
    "feat_aura",
    "feat_mind",
    "feat_eye_dist_lag12",
    "feat_eye_dist_lag48",
    "feat_ear_zscore_lag48",
    "feat_nose_sigmoid_lag12",
    "feat_nose_sigmoid_lag48",
    "feat_body_roc_lag48",
    "feat_pulse_lag12",
    "feat_pulse_lag48",
    "feat_aura_lag12",
    "feat_aura_lag48",
    "feat_aura_lag288",
    "feat_mind_lag12",
    "feat_mind_lag48"
  ],
  "ic_map": {
    "feat_eye_dist": -0.08214795495182219,
    "feat_ear_zscore": -0.051248576139279516,
    "feat_nose_sigmoid": -0.07697015058882245,
    "feat_tongue_pct": 0.13138306517178455,
    "feat_body_roc": -0.039735315297911473,
    "feat_pulse": -0.061984085388380565,
    "feat_aura": -0.06339884359908102,
    "feat_mind": -0.08795068854268545,
    "feat_eye_dist_lag12": -0.0796817934683415,
    "feat_eye_dist_lag48": -0.025299501813817397,
    "feat_eye_dist_lag288": 0.027321748177518184,
    "feat_ear_zscore_lag12": 0.019783267138599892,
    "feat_ear_zscore_lag48": -0.09342872261441919,
    "feat_ear_zscore_lag288": 0.09292774295049543,
    "feat_nose_sigmoid_lag12": -0.052130175830788814,
    "feat_nose_sigmoid_lag48": -0.027892012741368287,
    "feat_nose_sigmoid_lag288": 0.02802725726004986,
    "feat_tongue_pct_lag12": 0.04879355727188284,
    "feat_tongue_pct_lag48": 0.015577317335152583,
    "feat_tongue_pct_lag288": 0.07993980515589941,
    "feat_body_roc_lag12": 0.04013317154064188,
    "feat_body_roc_lag48": -0.020519075192420556,
    "feat_body_roc_lag288": 0.025570336124326628,
    "feat_pulse_lag12": -0.037324688105174,
    "feat_pulse_lag48": -0.0712865394713662,
    "feat_pulse_lag288": 0.03240503496916644,
    "feat_aura_lag12": -0.013530026420362787,
    "feat_aura_lag48": -0.017445187219198265,
    "feat_aura_lag288": -0.0337581797948763,
    "feat_mind_lag12": -0.05657167336903166,
    "feat_mind_lag48": -0.03541490123235675,
    "feat_mind_lag288": 0.010375392736569424
  }
}