{
  "neg_ic_feats": [
    "feat_eye_dist",
    "feat_ear_zscore",
    "feat_nose_sigmoid",
    "feat_body_roc",
    "feat_pulse",
    "feat_aura",
    "feat_mind",
    "feat_eye_dist_lag12",
    "feat_eye_dist_lag48",
    "feat_ear_zscore_lag48",
    "feat_nose_sigmoid_lag12",
    "feat_nose_sigmoid_lag48",
    "feat_body_roc_lag48",
    "feat_pulse_lag12",
    "feat_pulse_lag48",
    "feat_aura_lag12",
    "feat_aura_lag48",
    "feat_aura_lag288",
    "feat_mind_lag12",
    "feat_mind_lag48"
  ],
  "ic_map": {
    "feat_eye_dist": -0.08185705805619382,
    "feat_ear_zscore": -0.051104487020661525,
    "feat_nose_sigmoid": -0.07683779860246547,
    "feat_tongue_pct": 0.131095659633798,
    "feat_body_roc": -0.039458503730235406,
    "feat_pulse": -0.06191641365544847,
    "feat_aura": -0.09765307259378209,
    "feat_mind": -0.08788239142053351,
    "feat_eye_dist_lag12": -0.07930678135681173,
    "feat_eye_dist_lag48": -0.025189355905976617,
    "feat_eye_dist_lag288": 0.027071092788832556,
    "feat_ear_zscore_lag12": 0.019759752510213297,
    "feat_ear_zscore_lag48": -0.09344730655170892,
    "feat_ear_zscore_lag288": 0.09337700450985027,
    "feat_nose_sigmoid_lag12": -0.05198787532343932,
    "feat_nose_sigmoid_lag48": -0.027698977578401417,
    "feat_nose_sigmoid_lag288": 0.02813864128252875,
    "feat_tongue_pct_lag12": 0.04861227313894252,
    "feat_tongue_pct_lag48": 0.015221263966801193,
    "feat_tongue_pct_lag288": 0.07997921648551792,
    "feat_body_roc_lag12": 0.04012341633365194,
    "feat_body_roc_lag48": -0.02053075285701463,
    "feat_body_roc_lag288": 0.025684871249677634,
    "feat_pulse_lag12": -0.03747938525419897,
    "feat_pulse_lag48": -0.07088749742475338,
    "feat_pulse_lag288": 0.032571592853054394,
    "feat_aura_lag12": -0.07045736785110077,
    "feat_aura_lag48": -0.055615004737530754,
    "feat_aura_lag288": -0.007519566420771498,
    "feat_mind_lag12": -0.056558379012119894,
    "feat_mind_lag48": -0.03519604509758365,
    "feat_mind_lag288": 0.010492045973596263
  }
}