{
  "neg_ic_feats": [
    "feat_eye_dist",
    "feat_ear_zscore",
    "feat_nose_sigmoid",
    "feat_mind",
    "feat_eye_dist_lag12",
    "feat_eye_dist_lag48",
    "feat_ear_zscore_lag48",
    "feat_ear_zscore_lag288",
    "feat_nose_sigmoid_lag12",
    "feat_nose_sigmoid_lag48",
    "feat_nose_sigmoid_lag288",
    "feat_body_roc_lag12",
    "feat_body_roc_lag48",
    "feat_aura_lag288",
    "feat_mind_lag12",
    "feat_mind_lag48"
  ],
  "ic_map": {
    "feat_eye_dist": -0.019772070197883178,
    "feat_ear_zscore": -0.03608114967443272,
    "feat_nose_sigmoid": -0.05034520585715142,
    "feat_tongue_pct": 0.03595558243819086,
    "feat_body_roc": 0.023477222529029947,
    "feat_pulse": 0.026793352777888534,
    "feat_aura": 0.043795275766287334,
    "feat_mind": -0.05360773448597978,
    "feat_eye_dist_lag12": -0.01735442136119464,
    "feat_eye_dist_lag48": -0.017674062611953464,
    "feat_eye_dist_lag288": 0.017871459322581433,
    "feat_ear_zscore_lag12": 0.00888930259377324,
    "feat_ear_zscore_lag48": -0.021849192882716188,
    "feat_ear_zscore_lag288": -0.017952491598524113,
    "feat_nose_sigmoid_lag12": -0.03446476436811894,
    "feat_nose_sigmoid_lag48": -0.043335253456121374,
    "feat_nose_sigmoid_lag288": -0.047705731087405494,
    "feat_tongue_pct_lag12": 0.017898407276639838,
    "feat_tongue_pct_lag48": 0.02350600591996393,
    "feat_tongue_pct_lag288": 0.008379720025574626,
    "feat_body_roc_lag12": -0.015041946215179597,
    "feat_body_roc_lag48": -0.009561816063003997,
    "feat_body_roc_lag288": 0.008224054451703577,
    "feat_pulse_lag12": 0.017850742480497332,
    "feat_pulse_lag48": 0.04254519334981263,
    "feat_pulse_lag288": 0.0024459168191631746,
    "feat_aura_lag12": 0.03716292392501142,
    "feat_aura_lag48": 0.0252940476418394,
    "feat_aura_lag288": -0.0068711019269700755,
    "feat_mind_lag12": -0.019753267633407755,
    "feat_mind_lag48": -0.023767345948491368,
    "feat_mind_lag288": 0.02749183459832591
  }
}