{
  "neg_ic_feats": [
    "feat_eye_dist",
    "feat_ear_zscore",
    "feat_nose_sigmoid",
    "feat_mind",
    "feat_eye_dist_lag12",
    "feat_eye_dist_lag48",
    "feat_ear_zscore_lag48",
    "feat_ear_zscore_lag288",
    "feat_nose_sigmoid_lag12",
    "feat_nose_sigmoid_lag48",
    "feat_nose_sigmoid_lag288",
    "feat_body_roc_lag12",
    "feat_body_roc_lag48",
    "feat_aura_lag288",
    "feat_mind_lag12",
    "feat_mind_lag48"
  ],
  "ic_map": {
    "feat_eye_dist": -0.019798995266448214,
    "feat_ear_zscore": -0.035782391921968935,
    "feat_nose_sigmoid": -0.0504534144201646,
    "feat_tongue_pct": 0.035486046248015185,
    "feat_body_roc": 0.023817608787364095,
    "feat_pulse": 0.026386736382497205,
    "feat_aura": 0.04328941888723266,
    "feat_mind": -0.053445435257790615,
    "feat_eye_dist_lag12": -0.017421201948858312,
    "feat_eye_dist_lag48": -0.01754929331000175,
    "feat_eye_dist_lag288": 0.018316068845294506,
    "feat_ear_zscore_lag12": 0.00880753494768516,
    "feat_ear_zscore_lag48": -0.02188945927916681,
    "feat_ear_zscore_lag288": -0.0178725323017791,
    "feat_nose_sigmoid_lag12": -0.034913407767186225,
    "feat_nose_sigmoid_lag48": -0.04372707290321989,
    "feat_nose_sigmoid_lag288": -0.048070612153631155,
    "feat_tongue_pct_lag12": 0.01788330521770611,
    "feat_tongue_pct_lag48": 0.023556894549158748,
    "feat_tongue_pct_lag288": 0.008643211376002309,
    "feat_body_roc_lag12": -0.01459401450249975,
    "feat_body_roc_lag48": -0.009122722213468723,
    "feat_body_roc_lag288": 0.00865528472112934,
    "feat_pulse_lag12": 0.017797526493096422,
    "feat_pulse_lag48": 0.042736002061259735,
    "feat_pulse_lag288": 0.0025993520917659287,
    "feat_aura_lag12": 0.03735864817598597,
    "feat_aura_lag48": 0.02558735309763802,
    "feat_aura_lag288": -0.006489426700011329,
    "feat_mind_lag12": -0.019819752802614103,
    "feat_mind_lag48": -0.024022989997473713,
    "feat_mind_lag288": 0.027857941631205436
  }
}