{
  "neg_ic_feats": [
    "feat_eye_dist",
    "feat_ear_zscore",
    "feat_nose_sigmoid",
    "feat_body_roc",
    "feat_pulse",
    "feat_aura",
    "feat_mind"
  ],
  "ic_map": {
    "feat_eye_dist": -0.06922258004600586,
    "feat_ear_zscore": -0.046070773612107666,
    "feat_nose_sigmoid": -0.08081847167706303,
    "feat_tongue_pct": 0.14754656386143125,
    "feat_body_roc": -0.05466604029088675,
    "feat_pulse": -0.049195347879668734,
    "feat_aura": -0.06907158989426589,
    "feat_mind": -0.09187374035190544
  }
}