{
  "neg_ic_feats": [
    "feat_eye",
    "feat_ear",
    "feat_tongue",
    "feat_body",
    "feat_aura",
    "feat_mind",
    "feat_macd_hist",
    "feat_vwap_dev",
    "feat_4h_bias50",
    "feat_4h_bias20",
    "feat_4h_rsi14",
    "feat_4h_macd_hist",
    "feat_4h_bb_pct_b",
    "feat_ear_lag48",
    "feat_ear_lag288",
    "feat_nose_lag288",
    "feat_tongue_lag12",
    "feat_tongue_lag48",
    "feat_tongue_lag288",
    "feat_body_lag12",
    "feat_body_lag48",
    "feat_body_lag288",
    "feat_aura_lag12",
    "feat_aura_lag48",
    "feat_aura_lag288",
    "feat_macd_hist_lag12",
    "feat_macd_hist_lag48",
    "feat_vwap_dev_lag12",
    "feat_vwap_dev_lag48",
    "feat_vwap_dev_lag288",
    "feat_4h_bias50_lag288",
    "feat_4h_ma_order_lag12",
    "feat_4h_ma_order_lag48",
    "feat_4h_ma_order_lag288"
  ],
  "ic_map": {
    "feat_eye": -0.12530219914415006,
    "feat_ear": -0.15411260394162174,
    "feat_nose": 0.03054602416590771,
    "feat_tongue": -0.47766148195290026,
    "feat_body": -0.16681139491253708,
    "feat_pulse": 0.2685205328143798,
    "feat_aura": -0.36300189390170945,
    "feat_mind": -0.22317285350891655,
    "feat_vix": 0.39884006210102807,
    "feat_dxy": 0.38758215739035434,
    "feat_rsi14": 0.0827055411718086,
    "feat_macd_hist": -0.10371082041263913,
    "feat_atr_pct": 0.3980312881874098,
    "feat_vwap_dev": -0.4446440500127639,
    "feat_bb_pct_b": 0.017628193721891325,
    "feat_4h_bias50": -0.09055604254015386,
    "feat_4h_bias20": -0.18684203112594822,
    "feat_4h_rsi14": -0.21508650888709666,
    "feat_4h_macd_hist": -0.009513610749033322,
    "feat_4h_bb_pct_b": -0.286664361655682,
    "feat_4h_ma_order": 0.018045231303208085,
    "feat_4h_dist_swing_low": 0.2571190087670632,
    "feat_eye_lag12": 0.007481983889459941,
    "feat_eye_lag48": 0.032666212061936484,
    "feat_eye_lag288": 0.025287138237852246,
    "feat_ear_lag12": 0.014873995623684149,
    "feat_ear_lag48": -0.026792595395957113,
    "feat_ear_lag288": -0.007710917389407864,
    "feat_nose_lag12": 0.03621544419461732,
    "feat_nose_lag48": 0.027352941476569467,
    "feat_nose_lag288": -0.00468213793515713,
    "feat_tongue_lag12": -0.180808590217489,
    "feat_tongue_lag48": -0.14536021434180743,
    "feat_tongue_lag288": -0.12017943204072463,
    "feat_body_lag12": -0.07962118987356492,
    "feat_body_lag48": -0.08070038348516657,
    "feat_body_lag288": -0.0726005196857078,
    "feat_pulse_lag12": 0.2036402068074399,
    "feat_pulse_lag48": 0.19753426239492114,
    "feat_pulse_lag288": 0.17579417586803597,
    "feat_aura_lag12": -0.025293398965172284,
    "feat_aura_lag48": -0.013196500172272396,
    "feat_aura_lag288": -0.015410520680588161,
    "feat_mind_lag12": 0.03727641552476669,
    "feat_mind_lag48": 0.04112496221934797,
    "feat_mind_lag288": 0.06233299271778893,
    "feat_vix_lag12": 0.17437372006790391,
    "feat_vix_lag48": 0.17413829225687677,
    "feat_vix_lag288": 0.14158637568974453,
    "feat_dxy_lag12": 0.19605266550211334,
    "feat_dxy_lag48": 0.19475082180784092,
    "feat_dxy_lag288": 0.1745202628245868,
    "feat_rsi14_lag12": 0.1993253008291378,
    "feat_rsi14_lag48": 0.19321935390434716,
    "feat_rsi14_lag288": 0.17587478393631292,
    "feat_macd_hist_lag12": -0.03860984919469411,
    "feat_macd_hist_lag48": -0.017472282282180816,
    "feat_macd_hist_lag288": 0.004771663884627694,
    "feat_atr_pct_lag12": 0.1975089659334548,
    "feat_atr_pct_lag48": 0.19324770751660503,
    "feat_atr_pct_lag288": 0.1741180888135632,
    "feat_vwap_dev_lag12": -0.22905936101989302,
    "feat_vwap_dev_lag48": -0.20898685349503937,
    "feat_vwap_dev_lag288": -0.16073080055554181,
    "feat_bb_pct_b_lag12": 0.1652599747359053,
    "feat_bb_pct_b_lag48": 0.15764449591594887,
    "feat_bb_pct_b_lag288": 0.14733180371353527,
    "feat_4h_bias50_lag12": 0.0243609791204254,
    "feat_4h_bias50_lag48": 0.062092373731207635,
    "feat_4h_bias50_lag288": -0.024129761762393134,
    "feat_4h_bias20_lag12": 0.12399748943314311,
    "feat_4h_bias20_lag48": 0.16215639247732236,
    "feat_4h_bias20_lag288": 0.06163249024008372,
    "feat_4h_rsi14_lag12": 0.18929307922236407,
    "feat_4h_rsi14_lag48": 0.19957792773191388,
    "feat_4h_rsi14_lag288": 0.18124641817633472,
    "feat_4h_macd_hist_lag12": 0.16987228176175098,
    "feat_4h_macd_hist_lag48": 0.14184250649964034,
    "feat_4h_macd_hist_lag288": 0.08321245254075776,
    "feat_4h_bb_pct_b_lag12": 0.1187145889753552,
    "feat_4h_bb_pct_b_lag48": 0.12563119218119215,
    "feat_4h_bb_pct_b_lag288": 0.09110154840505694,
    "feat_4h_ma_order_lag12": -0.04440097057606933,
    "feat_4h_ma_order_lag48": -0.018342681079216903,
    "feat_4h_ma_order_lag288": -0.0951387618398282,
    "feat_4h_dist_swing_low_lag12": 0.1870363798688686,
    "feat_4h_dist_swing_low_lag48": 0.18933113484276723,
    "feat_4h_dist_swing_low_lag288": 0.1805852838317616
  },
  "ic_global": {
    "feat_eye": 0.020316103172072997,
    "feat_ear": -0.0022590592134763103,
    "feat_nose": 0.059623488342215265,
    "feat_tongue": -0.1737709670048083,
    "feat_body": -0.08960310503568157,
    "feat_pulse": 0.2121749895830389,
    "feat_aura": -0.02014394818446326,
    "feat_mind": 0.025495960679856496,
    "feat_vix": 0.18090507081809007,
    "feat_dxy": 0.20008885920547897,
    "feat_rsi14": 0.20710870138023027,
    "feat_macd_hist": -0.011480684022435355,
    "feat_atr_pct": 0.20558375320632766,
    "feat_vwap_dev": -0.22774005802788713,
    "feat_bb_pct_b": 0.1761361905325137,
    "feat_4h_bias50": 0.014597102141887325,
    "feat_4h_bias20": 0.01382140089821622,
    "feat_4h_rsi14": 0.0293119576303909,
    "feat_4h_macd_hist": 0.06322493833104528,
    "feat_4h_bb_pct_b": -0.08765626568333555,
    "feat_4h_ma_order": -0.06425490543081404,
    "feat_4h_dist_swing_low": 0.024826862241904613,
    "feat_eye_lag12": 0.007481983889459941,
    "feat_eye_lag48": 0.032666212061936484,
    "feat_eye_lag288": 0.025287138237852246,
    "feat_ear_lag12": 0.014873995623684149,
    "feat_ear_lag48": -0.026792595395957113,
    "feat_ear_lag288": -0.007710917389407864,
    "feat_nose_lag12": 0.03621544419461732,
    "feat_nose_lag48": 0.027352941476569467,
    "feat_nose_lag288": -0.00468213793515713,
    "feat_tongue_lag12": -0.180808590217489,
    "feat_tongue_lag48": -0.14536021434180743,
    "feat_tongue_lag288": -0.12017943204072463,
    "feat_body_lag12": -0.07962118987356492,
    "feat_body_lag48": -0.08070038348516657,
    "feat_body_lag288": -0.0726005196857078,
    "feat_pulse_lag12": 0.2036402068074399,
    "feat_pulse_lag48": 0.19753426239492114,
    "feat_pulse_lag288": 0.17579417586803597,
    "feat_aura_lag12": -0.025293398965172284,
    "feat_aura_lag48": -0.013196500172272396,
    "feat_aura_lag288": -0.015410520680588161,
    "feat_mind_lag12": 0.03727641552476669,
    "feat_mind_lag48": 0.04112496221934797,
    "feat_mind_lag288": 0.06233299271778893,
    "feat_vix_lag12": 0.17437372006790391,
    "feat_vix_lag48": 0.17413829225687677,
    "feat_vix_lag288": 0.14158637568974453,
    "feat_dxy_lag12": 0.19605266550211334,
    "feat_dxy_lag48": 0.19475082180784092,
    "feat_dxy_lag288": 0.1745202628245868,
    "feat_rsi14_lag12": 0.1993253008291378,
    "feat_rsi14_lag48": 0.19321935390434716,
    "feat_rsi14_lag288": 0.17587478393631292,
    "feat_macd_hist_lag12": -0.03860984919469411,
    "feat_macd_hist_lag48": -0.017472282282180816,
    "feat_macd_hist_lag288": 0.004771663884627694,
    "feat_atr_pct_lag12": 0.1975089659334548,
    "feat_atr_pct_lag48": 0.19324770751660503,
    "feat_atr_pct_lag288": 0.1741180888135632,
    "feat_vwap_dev_lag12": -0.22905936101989302,
    "feat_vwap_dev_lag48": -0.20898685349503937,
    "feat_vwap_dev_lag288": -0.16073080055554181,
    "feat_bb_pct_b_lag12": 0.1652599747359053,
    "feat_bb_pct_b_lag48": 0.15764449591594887,
    "feat_bb_pct_b_lag288": 0.14733180371353527,
    "feat_4h_bias50_lag12": 0.0243609791204254,
    "feat_4h_bias50_lag48": 0.062092373731207635,