{
  "ic_global": {
    "feat_eye": 0.013460187487944838,
    "feat_ear": -0.047754585718367076,
    "feat_nose": -0.04999461560286134,
    "feat_tongue": -0.0011901563730966104,
    "feat_body": -0.04606188193829981,
    "feat_pulse": 0.005797909445211286,
    "feat_aura": -0.03634585595280223,
    "feat_mind": -0.02461146263658422,
    "feat_vix": -0.07129016827089081,
    "feat_dxy": -0.013705893823610826,
    "feat_rsi14": -0.054461186569436444,
    "feat_macd_hist": -0.050589333990658916,
    "feat_atr_pct": 0.022036102504761103,
    "feat_vwap_dev": -0.007305320935653061,
    "feat_bb_pct_b": -0.05784600583518725
  },
  "ic_tw": {
    "feat_eye": 0.010609921126309204,
    "feat_ear": -0.008355533425644027,
    "feat_nose": -0.05836821890264289,
    "feat_tongue": 0.03352957549281018,
    "feat_body": -0.033431354912568184,
    "feat_pulse": 0.08776811797268119,
    "feat_aura": -0.09161085031596926,
    "feat_mind": -0.0797008381908206,
    "feat_vix": -0.09805867268559289,
    "feat_dxy": -0.04028836503239568,
    "feat_rsi14": -0.0728465805746964,
    "feat_macd_hist": -0.04215476007261738,
    "feat_atr_pct": 0.07551430761495934,
    "feat_vwap_dev": -0.10087480331140768,
    "feat_bb_pct_b": -0.08570706849971642
  },
  "null_counts": {
    "feat_eye": 8778,
    "feat_ear": 8778,
    "feat_nose": 8778,
    "feat_tongue": 8778,
    "feat_body": 8778,
    "feat_pulse": 8778,
    "feat_aura": 8778,
    "feat_mind": 8778,
    "feat_vix": 8772,
    "feat_dxy": 8774,
    "feat_rsi14": 8778,
    "feat_macd_hist": 8778,
    "feat_atr_pct": 8778,
    "feat_vwap_dev": 8778,
    "feat_bb_pct_b": 8778
  },
  "ic_status": {
    "feat_eye": "FAIL",
    "feat_ear": "FAIL",
    "feat_nose": "FAIL",
    "feat_tongue": "FAIL",
    "feat_body": "FAIL",
    "feat_pulse": "FAIL",
    "feat_aura": "FAIL",
    "feat_mind": "FAIL",
    "feat_vix": "PASS",
    "feat_dxy": "FAIL",
    "feat_rsi14": "PASS",
    "feat_macd_hist": "PASS",
    "feat_atr_pct": "FAIL",
    "feat_vwap_dev": "FAIL",
    "feat_bb_pct_b": "PASS"
  },
  "total_samples": 8778,
  "target": "label_sell_win",
  "core_ic_summary": {
    "feat_eye": 0.0135,
    "feat_ear": -0.0478,
    "feat_nose": -0.05,
    "feat_tongue": -0.0012,
    "feat_body": -0.0461,
    "feat_pulse": 0.0058,
    "feat_aura": -0.0363,
    "feat_mind": -0.0246,
    "feat_vix": -0.0713,
    "feat_dxy": -0.0137,
    "feat_rsi14": -0.0545,
    "feat_macd_hist": -0.0506,
    "feat_atr_pct": 0.022,
    "feat_vwap_dev": -0.0073,
    "feat_bb_pct_b": -0.0578
  },
  "tw_ic_summary": {
    "feat_eye": 0.0106,
    "feat_ear": -0.0084,
    "feat_nose": -0.0584,
    "feat_tongue": 0.0335,
    "feat_body": -0.0334,
    "feat_pulse": 0.0878,
    "feat_aura": -0.0916,
    "feat_mind": -0.0797,
    "feat_vix": -0.0981,
    "feat_dxy": -0.0403,
    "feat_rsi14": -0.0728,
    "feat_macd_hist": -0.0422,
    "feat_atr_pct": 0.0755,
    "feat_vwap_dev": -0.1009,
    "feat_bb_pct_b": -0.0857
  }
}