{
  "neg_ic_feats": [
    "feat_eye_dist",
    "feat_ear_zscore",
    "feat_nose_sigmoid",
    "feat_body_roc",
    "feat_mind",
    "feat_eye_dist_lag12",
    "feat_eye_dist_lag48",
    "feat_ear_zscore_lag12",
    "feat_ear_zscore_lag48",
    "feat_ear_zscore_lag288",
    "feat_nose_sigmoid_lag48",
    "feat_body_roc_lag12",
    "feat_body_roc_lag48",
    "feat_body_roc_lag288",
    "feat_aura_lag288",
    "feat_mind_lag12",
    "feat_mind_lag48"
  ],
  "ic_map": {
    "feat_eye_dist": -0.018379699041255082,
    "feat_ear_zscore": -0.0279286957874787,
    "feat_nose_sigmoid": -0.01292317466565319,
    "feat_tongue_pct": 0.0376866965281454,
    "feat_body_roc": -0.01704112752205331,
    "feat_pulse": 0.02795505960489567,
    "feat_aura": 0.04548266399568133,
    "feat_mind": -0.05404743835711252,
    "feat_eye_dist_lag12": -0.01771354864287018,
    "feat_eye_dist_lag48": -0.015855059665028533,
    "feat_eye_dist_lag288": 0.012916831774124393,
    "feat_ear_zscore_lag12": -0.013188668111421992,
    "feat_ear_zscore_lag48": -0.035249135818672644,
    "feat_ear_zscore_lag288": -0.06150652723080101,
    "feat_nose_sigmoid_lag12": 0.006315737575927164,
    "feat_nose_sigmoid_lag48": -0.00021800533517534355,
    "feat_nose_sigmoid_lag288": 0.0034931522504881756,
    "feat_tongue_pct_lag12": 0.016972512483618033,
    "feat_tongue_pct_lag48": 0.023180756455686017,
    "feat_tongue_pct_lag288": 0.008197648561925298,
    "feat_body_roc_lag12": -0.023458164997386052,
    "feat_body_roc_lag48": -0.007343795538607892,
    "feat_body_roc_lag288": -0.04357850304368297,
    "feat_pulse_lag12": 0.01753198796800721,
    "feat_pulse_lag48": 0.041913835678657765,
    "feat_pulse_lag288": 0.0023972541414218375,
    "feat_aura_lag12": 0.0367263753564568,
    "feat_aura_lag48": 0.024198575613475815,
    "feat_aura_lag288": -0.00774479892530162,
    "feat_mind_lag12": -0.019775848904021228,
    "feat_mind_lag48": -0.023266076446051862,
    "feat_mind_lag288": 0.026184312304346653
  }
}