{
  "neg_ic_feats": [
    "feat_eye",
    "feat_ear",
    "feat_tongue",
    "feat_pulse",
    "feat_aura",
    "feat_mind",
    "feat_rsi14",
    "feat_atr_pct",
    "feat_vwap_dev",
    "feat_4h_bias50",
    "feat_4h_bias20",
    "feat_4h_rsi14",
    "feat_4h_macd_hist",
    "feat_4h_bb_pct_b",
    "feat_4h_ma_order",
    "feat_eye_lag48",
    "feat_eye_lag288",
    "feat_ear_lag12",
    "feat_ear_lag48",
    "feat_ear_lag288",
    "feat_nose_lag12",
    "feat_nose_lag48",
    "feat_nose_lag288",
    "feat_tongue_lag12",
    "feat_tongue_lag48",
    "feat_tongue_lag288",
    "feat_body_lag12",
    "feat_body_lag48",
    "feat_body_lag288",
    "feat_aura_lag12",
    "feat_aura_lag48",
    "feat_aura_lag288",
    "feat_mind_lag12",
    "feat_mind_lag48",
    "feat_vix_lag288",
    "feat_rsi14_lag288",
    "feat_macd_hist_lag12",
    "feat_macd_hist_lag288",
    "feat_vwap_dev_lag12",
    "feat_vwap_dev_lag48",
    "feat_vwap_dev_lag288",
    "feat_bb_pct_b_lag288",
    "feat_4h_bias50_lag12",
    "feat_4h_bias50_lag48",
    "feat_4h_bias50_lag288",
    "feat_4h_bias20_lag12",
    "feat_4h_bias20_lag288",
    "feat_4h_rsi14_lag288",
    "feat_4h_macd_hist_lag48",
    "feat_4h_macd_hist_lag288",
    "feat_4h_bb_pct_b_lag12",
    "feat_4h_bb_pct_b_lag48",
    "feat_4h_bb_pct_b_lag288",
    "feat_4h_ma_order_lag12",
    "feat_4h_ma_order_lag48",
    "feat_4h_ma_order_lag288"
  ],
  "ic_map": {
    "feat_eye": -0.0731181944317056,
    "feat_ear": -0.03419632208624752,
    "feat_nose": 0.021819229192007898,
    "feat_tongue": -0.061953080018595154,
    "feat_body": 0.02513199338055658,
    "feat_pulse": -0.03084235304227762,
    "feat_aura": -0.3681194838874271,
    "feat_mind": -0.5233257992314155,
    "feat_vix": 0.10306320556993433,
    "feat_dxy": 0.09564362639250197,
    "feat_rsi14": -0.02843430536653862,
    "feat_macd_hist": 0.046161207019780465,
    "feat_atr_pct": -0.009658735543361777,
    "feat_vwap_dev": -0.15758298342320945,
    "feat_bb_pct_b": 0.07079074378598947,
    "feat_4h_bias50": -0.699095412729244,
    "feat_4h_bias20": -0.6992331893257071,
    "feat_4h_rsi14": -0.7183300721106743,
    "feat_4h_macd_hist": -0.5707180630468136,
    "feat_4h_bb_pct_b": -0.6514044113109326,
    "feat_4h_ma_order": -0.16229037667967625,
    "feat_4h_dist_swing_low": 0.03953991802753848,
    "feat_eye_lag12": 0.005508383737179405,
    "feat_eye_lag48": -0.0026542780204914054,
    "feat_eye_lag288": -0.013059993547540425,
    "feat_ear_lag12": -0.005088435446412685,
    "feat_ear_lag48": -0.011492686958349289,
    "feat_ear_lag288": -0.02269751273982223,
    "feat_nose_lag12": -0.03929337913506841,
    "feat_nose_lag48": -0.03884706139110132,
    "feat_nose_lag288": -0.04563046108902268,
    "feat_tongue_lag12": -0.06695080843029806,
    "feat_tongue_lag48": -0.05500056512175141,
    "feat_tongue_lag288": -0.05162415008898783,
    "feat_body_lag12": -0.04421664147964814,
    "feat_body_lag48": -0.06448608570486374,
    "feat_body_lag288": -0.047602841352132136,
    "feat_pulse_lag12": 0.04155187297996728,
    "feat_pulse_lag48": 0.04480847512011483,
    "feat_pulse_lag288": 0.028708779742613332,
    "feat_aura_lag12": -0.03867347545787318,
    "feat_aura_lag48": -0.025054027404945632,
    "feat_aura_lag288": -0.024915151155187776,
    "feat_mind_lag12": -0.05516895262904022,
    "feat_mind_lag48": -0.030151365902236764,
    "feat_mind_lag288": 0.004144698657375853,
    "feat_vix_lag12": 0.07203052812526761,
    "feat_vix_lag48": 0.10354558816472746,
    "feat_vix_lag288": -0.035982631758697196,
    "feat_dxy_lag12": 0.03046631408894462,
    "feat_dxy_lag48": 0.0134979269438331,
    "feat_dxy_lag288": 0.07891093808129704,
    "feat_rsi14_lag12": 0.0075877447591848725,
    "feat_rsi14_lag48": 0.009489098172648577,
    "feat_rsi14_lag288": -0.0028341213966847213,
    "feat_macd_hist_lag12": -0.005234025100375599,
    "feat_macd_hist_lag48": 0.010274700305959108,
    "feat_macd_hist_lag288": -0.014471543339481996,
    "feat_atr_pct_lag12": 0.017814238794391594,
    "feat_atr_pct_lag48": 0.016557013303034846,
    "feat_atr_pct_lag288": 0.008051440945514176,
    "feat_vwap_dev_lag12": -0.08537539443671993,
    "feat_vwap_dev_lag48": -0.08190937529826593,
    "feat_vwap_dev_lag288": -0.058486080601358084,
    "feat_bb_pct_b_lag12": 0.0017049553775067784,
    "feat_bb_pct_b_lag48": 0.011530179510304934,
    "feat_bb_pct_b_lag288": -0.004595490954411075,
    "feat_4h_bias50_lag12": -0.07190808339675987,
    "feat_4h_bias50_lag48": -0.05801992368228765,
    "feat_4h_bias50_lag288": -0.040427588186019776,
    "feat_4h_bias20_lag12": -0.0077024651452545995,
    "feat_4h_bias20_lag48": 0.009951154429801599,
    "feat_4h_bias20_lag288": -0.035105570870835705,
    "feat_4h_rsi14_lag12": 0.003951994258390729,
    "feat_4h_rsi14_lag48": 0.003241759524784285,
    "feat_4h_rsi14_lag288": -0.004584000682824062,
    "feat_4h_macd_hist_lag12": 0.038422938864179745,
    "feat_4h_macd_hist_lag48": -0.00391102893737598,
    "feat_4h_macd_hist_lag288": -0.0271127944844758,
    "feat_4h_bb_pct_b_lag12": -0.0003852362744378282,
    "feat_4h_bb_pct_b_lag48": -0.010826261512821287,
    "feat_4h_bb_pct_b_lag288": -0.05825803042558449,
    "feat_4h_ma_order_lag12": -0.04604297366243175,
    "feat_4h_ma_order_lag48": -0.0292865159148357,
    "feat_4h_ma_order_lag288": -0.05614285272634823,
    "feat_4h_dist_swing_low_lag12": 0.03721349775560294,
    "feat_4h_dist_swing_low_lag48": 0.03710750369731711,
    "feat_4h_dist_swing_low_lag288": 0.013293032476915238
  },
  "ic_global": {
    "feat_eye": 0.01438266547300238,
    "feat_ear": -0.010673624942122041,
    "feat_nose": -0.03840398934348196,
    "feat_tongue": -0.060850183536347725,
    "feat_body": -0.03920659860816902,
    "feat_pulse": 0.048343579449295085,
    "feat_aura": -0.048192048701636556,
    "feat_mind": -0.05809917944588084,
    "feat_vix": 0.039788107922484314,
    "feat_dxy": 0.032017473017897875,
    "feat_rsi14": 0.0092707496589369,
    "feat_macd_hist": -0.0007998251047838849,
    "feat_atr_pct": 0.022794960154503708,
    "feat_vwap_dev": -0.08472656879385145,
    "feat_bb_pct_b": 0.00487798557062836,
    "feat_4h_bias50": -0.08657434647958429,
    "feat_4h_bias20": -0.05943573930064034,
    "feat_4h_rsi14": -0.056320872393535726,
    "feat_4h_macd_hist": 0.015391116730683845,
    "feat_4h_bb_pct_b": -0.0540984938800215,
    "feat_4h_ma_order": -0.07481588482366425,
    "feat_4h_dist_swing_low": 0.05006939597339246,
    "feat_eye_lag12": 0.005508383737179405,
    "feat_eye_lag48": -0.0026542780204914054,
    "feat_eye_lag288": -0.013059993547540425,
    "feat_ear_lag12": -0.005088435446412685,
    "feat_ear_lag48": -0.011492686958349289,
    "feat_ear_lag288": -0.02269751273982223,
    "feat_nose_lag12": -0.03929337913506841,
    "feat_nose_lag48": -0.03884706139110132,
    "feat_nose_lag288": -0.04563046108902268,
    "feat_tongue_lag12": -0.06695080843029806,
    "feat_tongue_lag48": -0.05500056512175141,
    "feat_tongue_lag288": -0.05162415008898783,
    "feat_body_lag12": -0.04421664147964814,
    "feat_body_lag48": -0.06448608570486374,
    "feat_body_lag288": -0.047602841352132136,
    "feat_pulse_lag12": 0.04155187297996728,
    "feat_pulse_lag48": 0.04480847512011483,
    "feat_pulse_lag288": 0.028708779742613332,
    "feat_aura_lag12": -0.03867347545787318,
    "feat_aura_lag48": -0.025054027404945632,
    "feat_aura_lag288": -0.024915151155187776,
    "feat_mind_lag12": -0.05516895262904022,
    "feat_mind_lag48": -0.030151365902236764,
    "feat_mind_lag288": 0.004144698657375853,
    "feat_vix_lag12": 0.07203052812526761,
    "feat_vix_lag48": 0.10354558816472746,
    "feat_vix_lag288": -0.035982631758697196,
    "feat_dxy_lag12": 0.03046631408894462,
    "feat_dxy_lag48": 0.0134979269438331,
    "feat_dxy_lag288": 0.07891093808129704,
    "feat_rsi14_lag12": 0.0075877447591848725,
    "feat_rsi14_lag48": 0.009489098172648577,
    "feat_rsi14_lag288": -0.0028341213966847213,