{
  "neg_ic_feats": [
    "feat_ear",
    "feat_nose",
    "feat_pulse",
    "feat_aura",
    "feat_mind",
    "feat_vix",
    "feat_dxy",
    "feat_ear_lag12",
    "feat_ear_lag48",
    "feat_ear_lag288",
    "feat_nose_lag48",
    "feat_nose_lag288",
    "feat_tongue_lag288",
    "feat_pulse_lag12",
    "feat_aura_lag12",
    "feat_aura_lag48",
    "feat_mind_lag12",
    "feat_vix_lag12",
    "feat_vix_lag48",
    "feat_vix_lag288",
    "feat_dxy_lag12",
    "feat_dxy_lag288"
  ],
  "ic_map": {
    "feat_eye": 0.13675544278608762,
    "feat_ear": -0.05280246276100944,
    "feat_nose": -0.027546741570658874,
    "feat_tongue": 0.5302976708317755,
    "feat_body": 0.5101145868779113,
    "feat_pulse": -0.30223969331023215,
    "feat_aura": -0.1782491011937028,
    "feat_mind": -0.19958369118223998,
    "feat_vix": -0.12515058080387173,
    "feat_dxy": -0.26962287684491526,
    "feat_eye_lag12": 0.033749033095938505,
    "feat_eye_lag48": 0.006124331162438343,
    "feat_eye_lag288": 0.0045029638444439865,
    "feat_ear_lag12": -0.0012751940589238906,
    "feat_ear_lag48": -0.034568176338401604,
    "feat_ear_lag288": -0.008311487048904418,
    "feat_nose_lag12": 0.007850307183459497,
    "feat_nose_lag48": -0.029038222757334683,
    "feat_nose_lag288": -0.022609479869741406,
    "feat_tongue_lag12": 0.021502682080962596,
    "feat_tongue_lag48": 0.01915078481223781,
    "feat_tongue_lag288": -0.001518234066020335,
    "feat_body_lag12": 0.016447977771377055,
    "feat_body_lag48": 0.0018325086858356743,
    "feat_body_lag288": 0.002627348402795607,
    "feat_pulse_lag12": -0.03188259591040401,
    "feat_pulse_lag48": 9.876546395855809e-05,
    "feat_pulse_lag288": 0.0032400146382046743,
    "feat_aura_lag12": -0.010890035528208953,
    "feat_aura_lag48": -0.005890683552737875,
    "feat_aura_lag288": 0.003448717879690938,
    "feat_mind_lag12": -0.011294420616149964,
    "feat_mind_lag48": 0.0002745131466017791,
    "feat_mind_lag288": 0.00342545282312363,
    "feat_vix_lag12": -0.043611675414686565,
    "feat_vix_lag48": -0.0019256904267936834,
    "feat_vix_lag288": -0.01819188386631196,
    "feat_dxy_lag12": -0.01034266788145336,
    "feat_dxy_lag48": 0.008991716038857738,
    "feat_dxy_lag288": -0.008929006860646464
  },
  "ic_global": {
    "feat_eye": 0.030621169114593675,
    "feat_ear": -0.04674498906180084,
    "feat_nose": -0.04572147924923009,
    "feat_tongue": 0.027469518505219594,
    "feat_body": -0.015408754096413645,
    "feat_pulse": -0.01249620459591918,
    "feat_aura": -0.03384958409139479,
    "feat_mind": -0.022358373454365605,
    "feat_vix": -0.07192308157350215,
    "feat_dxy": -0.024332817241892415,
    "feat_eye_lag12": 0.033749033095938505,
    "feat_eye_lag48": 0.006124331162438343,
    "feat_eye_lag288": 0.0045029638444439865,
    "feat_ear_lag12": -0.0012751940589238906,
    "feat_ear_lag48": -0.034568176338401604,
    "feat_ear_lag288": -0.008311487048904418,
    "feat_nose_lag12": 0.007850307183459497,
    "feat_nose_lag48": -0.029038222757334683,
    "feat_nose_lag288": -0.022609479869741406,
    "feat_tongue_lag12": 0.021502682080962596,
    "feat_tongue_lag48": 0.01915078481223781,
    "feat_tongue_lag288": -0.001518234066020335,
    "feat_body_lag12": 0.016447977771377055,
    "feat_body_lag48": 0.0018325086858356743,
    "feat_body_lag288": 0.002627348402795607,
    "feat_pulse_lag12": -0.03188259591040401,
    "feat_pulse_lag48": 9.876546395855809e-05,
    "feat_pulse_lag288": 0.0032400146382046743,
    "feat_aura_lag12": -0.010890035528208953,
    "feat_aura_lag48": -0.005890683552737875,
    "feat_aura_lag288": 0.003448717879690938,
    "feat_mind_lag12": -0.011294420616149964,
    "feat_mind_lag48": 0.0002745131466017791,
    "feat_mind_lag288": 0.00342545282312363,
    "feat_vix_lag12": -0.043611675414686565,
    "feat_vix_lag48": -0.0019256904267936834,
    "feat_vix_lag288": -0.01819188386631196,
    "feat_dxy_lag12": -0.01034266788145336,
    "feat_dxy_lag48": 0.008991716038857738,
    "feat_dxy_lag288": -0.008929006860646464
  },
  "ic_tw": {
    "feat_eye": 0.13675544278608762,
    "feat_ear": -0.05280246276100944,
    "feat_nose": -0.027546741570658874,
    "feat_tongue": 0.5302976708317755,
    "feat_body": 0.5101145868779113,
    "feat_pulse": -0.30223969331023215,
    "feat_aura": -0.1782491011937028,
    "feat_mind": -0.19958369118223998,
    "feat_vix": -0.12515058080387173,
    "feat_dxy": -0.26962287684491526,
    "feat_eye_lag12": 0.0,
    "feat_eye_lag48": 0.0,
    "feat_eye_lag288": 0.0,
    "feat_ear_lag12": 0.0,
    "feat_ear_lag48": 0.0,
    "feat_ear_lag288": 0.0,
    "feat_nose_lag12": 0.0,
    "feat_nose_lag48": 0.0,
    "feat_nose_lag288": 0.0,
    "feat_tongue_lag12": 0.0,
    "feat_tongue_lag48": 0.0,
    "feat_tongue_lag288": 0.0,
    "feat_body_lag12": 0.0,
    "feat_body_lag48": 0.0,
    "feat_body_lag288": 0.0,
    "feat_pulse_lag12": 0.0,
    "feat_pulse_lag48": 0.0,
    "feat_pulse_lag288": 0.0,
    "feat_aura_lag12": 0.0,
    "feat_aura_lag48": 0.0,
    "feat_aura_lag288": 0.0,
    "feat_mind_lag12": 0.0,
    "feat_mind_lag48": 0.0,
    "feat_mind_lag288": 0.0,
    "feat_vix_lag12": 0.0,
    "feat_vix_lag48": 0.0,
    "feat_vix_lag288": 0.0,
    "feat_dxy_lag12": 0.0,
    "feat_dxy_lag48": 0.0,
    "feat_dxy_lag288": 0.0
  },
  "target": "label_sell_win",
  "core_ic_summary": {
    "feat_eye": 0.1368,
    "feat_ear": -0.0528,
    "feat_nose": -0.0275,
    "feat_tongue": 0.5303,
    "feat_body": 0.5101,
    "feat_pulse": -0.3022,
    "feat_aura": -0.1782,
    "feat_mind": -0.1996,
    "feat_vix": -0.1252,
    "feat_dxy": -0.2696
  },
  "tw_ic_summary": {
    "feat_eye": 0.1368,
    "feat_ear": -0.0528,
    "feat_nose": -0.0275,
    "feat_tongue": 0.5303,
    "feat_body": 0.5101,
    "feat_pulse": -0.3022,
    "feat_aura": -0.1782,
    "feat_mind": -0.1996,
    "feat_vix": -0.1252,
    "feat_dxy": -0.2696
  }
}