{
  "neg_ic_feats": [
    "feat_eye_dist",
    "feat_ear_zscore",
    "feat_nose_sigmoid",
    "feat_body_roc",
    "feat_pulse",
    "feat_aura",
    "feat_mind"
  ],
  "ic_map": {
    "feat_eye_dist": -0.07706301501160219,
    "feat_ear_zscore": -0.044048233970404,
    "feat_nose_sigmoid": -0.07063003614419539,
    "feat_tongue_pct": 0.12695608433596645,
    "feat_body_roc": -0.0530551454099129,
    "feat_pulse": -0.047038906834296325,
    "feat_aura": -0.06354389794639578,
    "feat_mind": -0.07888288510472945
  }
}