{
  "neg_ic_feats": [
    "feat_ear",
    "feat_nose",
    "feat_tongue",
    "feat_body",
    "feat_aura",
    "feat_mind",
    "feat_vix",
    "feat_eye_lag48",
    "feat_ear_lag12",
    "feat_ear_lag48",
    "feat_ear_lag288",
    "feat_nose_lag48",
    "feat_nose_lag288",
    "feat_tongue_lag12",
    "feat_body_lag12",
    "feat_body_lag48",
    "feat_body_lag288",
    "feat_pulse_lag12",
    "feat_aura_lag12",
    "feat_aura_lag48",
    "feat_aura_lag288",
    "feat_mind_lag12",
    "feat_mind_lag48",
    "feat_mind_lag288"
  ],
  "ic_map": {
    "feat_eye": 0.01397417424928343,
    "feat_ear": -0.047571885915921694,
    "feat_nose": -0.049977493514385636,
    "feat_tongue": -0.001881618313245304,
    "feat_body": -0.046259056833639164,
    "feat_pulse": 0.0051821825631492135,
    "feat_aura": -0.03644867897638756,
    "feat_mind": -0.02454904593644392,
    "feat_vix": -0.0012535791787045083,
    "feat_dxy": 0.01601283727066526,
    "feat_eye_lag12": 0.020275165925772335,
    "feat_eye_lag48": -0.003272160965729466,
    "feat_eye_lag288": 0.019235280857363295,
    "feat_ear_lag12": -0.0011098364991561037,
    "feat_ear_lag48": -0.03878251549607642,
    "feat_ear_lag288": -0.01288632733801587,
    "feat_nose_lag12": 0.004339525605382047,
    "feat_nose_lag48": -0.03415781773613092,
    "feat_nose_lag288": -0.025731521133643943,
    "feat_tongue_lag12": -0.007154739352267837,
    "feat_tongue_lag48": 0.00037768529025303797,
    "feat_tongue_lag288": 0.0017026571607720576,
    "feat_body_lag12": -0.011642709780714624,
    "feat_body_lag48": -0.022069577118781113,
    "feat_body_lag288": -0.0009548116944066936,
    "feat_pulse_lag12": -0.01821207594751509,
    "feat_pulse_lag48": 0.011540704382424069,
    "feat_pulse_lag288": 0.005839729872561073,
    "feat_aura_lag12": -0.013927285185398576,
    "feat_aura_lag48": -0.009949892461203022,
    "feat_aura_lag288": -0.004442872645499026,
    "feat_mind_lag12": -0.013121598691935951,
    "feat_mind_lag48": -0.002243974940465617,
    "feat_mind_lag288": -0.009156808314589895,
    "feat_vix_lag12": 0.006591256383365043,
    "feat_vix_lag48": 0.031237222710565796,
    "feat_vix_lag288": 0.020161672554522447,
    "feat_dxy_lag12": 0.025248996257455567,
    "feat_dxy_lag48": 0.03706508748442719,
    "feat_dxy_lag288": 0.02502275222032834
  },
  "target": "label_sell_win"
}