{
  "neg_ic_feats": [
    "feat_eye_dist",
    "feat_ear_zscore",
    "feat_nose_sigmoid",
    "feat_mind",
    "feat_eye_dist_lag12",
    "feat_eye_dist_lag48",
    "feat_ear_zscore_lag48",
    "feat_ear_zscore_lag288",
    "feat_nose_sigmoid_lag12",
    "feat_nose_sigmoid_lag48",
    "feat_nose_sigmoid_lag288",
    "feat_body_roc_lag12",
    "feat_body_roc_lag48",
    "feat_pulse_lag48",
    "feat_pulse_lag288",
    "feat_aura_lag288",
    "feat_mind_lag12",
    "feat_mind_lag48"
  ],
  "ic_map": {
    "feat_eye_dist": -0.019715322182420166,
    "feat_ear_zscore": -0.03439284167495881,
    "feat_nose_sigmoid": -0.05091867142009248,
    "feat_tongue_pct": 0.03489662019753628,
    "feat_body_roc": 0.025164818650111026,
    "feat_pulse": 0.009221785389317982,
    "feat_aura": 0.041644187558212836,
    "feat_mind": -0.052739939789720136,
    "feat_eye_dist_lag12": -0.0176562028110804,
    "feat_eye_dist_lag48": -0.017288091220687137,
    "feat_eye_dist_lag288": 0.02004076618178593,
    "feat_ear_zscore_lag12": 0.008784772536987144,
    "feat_ear_zscore_lag48": -0.022053417841193735,
    "feat_ear_zscore_lag288": -0.01804920583522814,
    "feat_nose_sigmoid_lag12": -0.036173501314251066,
    "feat_nose_sigmoid_lag48": -0.04493164233148809,
    "feat_nose_sigmoid_lag288": -0.049145382943278616,
    "feat_tongue_pct_lag12": 0.016442558714636873,
    "feat_tongue_pct_lag48": 0.022339062852393995,
    "feat_tongue_pct_lag288": 0.008337775967698273,
    "feat_body_roc_lag12": -0.012951536034927312,
    "feat_body_roc_lag48": -0.0073134231820971216,
    "feat_body_roc_lag288": 0.010358447349692391,
    "feat_pulse_lag12": 0.006542879308695369,
    "feat_pulse_lag48": -0.005659424007607146,
    "feat_pulse_lag288": -0.008843696598557231,
    "feat_aura_lag12": 0.036206149979024285,
    "feat_aura_lag48": 0.02566766571898172,
    "feat_aura_lag288": -0.0058075092943843725,
    "feat_mind_lag12": -0.01948318286707978,
    "feat_mind_lag48": -0.025141670617529206,
    "feat_mind_lag288": 0.029189995463004135
  }
}