{
  "neg_ic_feats": [
    "feat_ear_zscore",
    "feat_body_roc",
    "feat_mind",
    "feat_ear_zscore_lag48",
    "feat_ear_zscore_lag288",
    "feat_body_roc_lag12",
    "feat_body_roc_lag48",
    "feat_body_roc_lag288"
  ],
  "ic_map": {
    "feat_eye_dist": 0.03783600454073506,
    "feat_ear_zscore": -0.019338351496235404,
    "feat_nose_sigmoid": 0.026111334789071166,
    "feat_tongue_pct": 0.04381728781616984,
    "feat_body_roc": -0.021194776830092892,
    "feat_pulse": 0.1497769774035577,
    "feat_aura": 0.052725196897353,
    "feat_mind": -0.014848812273846566,
    "feat_eye_dist_lag12": 0.03799370439420524,
    "feat_eye_dist_lag48": 0.03651540821200694,
    "feat_eye_dist_lag288": 0.024477807079191245,
    "feat_ear_zscore_lag12": 0.0016795707885200013,
    "feat_ear_zscore_lag48": -0.014314345049605813,
    "feat_ear_zscore_lag288": -0.03496654092565093,
    "feat_nose_sigmoid_lag12": 0.04632740872590905,
    "feat_nose_sigmoid_lag48": 0.028644690066906727,
    "feat_nose_sigmoid_lag288": 0.07082981390371632,
    "feat_tongue_pct_lag12": 0.0290476573230147,
    "feat_tongue_pct_lag48": 0.04062672075056355,
    "feat_tongue_pct_lag288": 0.018752389949332586,
    "feat_body_roc_lag12": -0.028281515435140236,
    "feat_body_roc_lag48": -0.007976691308464963,
    "feat_body_roc_lag288": -0.04074064191732302,
    "feat_pulse_lag12": 0.15053307325918053,
    "feat_pulse_lag48": 0.15314148837870692,
    "feat_pulse_lag288": 0.15884082598237223,
    "feat_aura_lag12": 0.04811900294538125,
    "feat_aura_lag48": 0.035002894483869416,
    "feat_aura_lag288": 0.02677689096436802,
    "feat_mind_lag12": 0.022195094267047383,
    "feat_mind_lag48": 0.03387827094571395,
    "feat_mind_lag288": 0.0676740159354884
  }
}