{
  "neg_ic_feats": [
    "feat_ear_zscore",
    "feat_body_roc",
    "feat_mind",
    "feat_ear_zscore_lag48",
    "feat_ear_zscore_lag288",
    "feat_body_roc_lag12",
    "feat_body_roc_lag48",
    "feat_body_roc_lag288"
  ],
  "ic_map": {
    "feat_eye_dist": 0.039050850537979506,
    "feat_ear_zscore": -0.018722550274586677,
    "feat_nose_sigmoid": 0.0268016649670539,
    "feat_tongue_pct": 0.043350083650192155,
    "feat_body_roc": -0.02090318173907688,
    "feat_pulse": 0.15301668994737463,
    "feat_aura": 0.0490497846048809,
    "feat_mind": -0.01570011093639886,
    "feat_eye_dist_lag12": 0.03954869402825848,
    "feat_eye_dist_lag48": 0.038780392998600526,
    "feat_eye_dist_lag288": 0.028646525211410624,
    "feat_ear_zscore_lag12": 0.00203327198886467,
    "feat_ear_zscore_lag48": -0.013694650857729432,
    "feat_ear_zscore_lag288": -0.03635019071888267,
    "feat_nose_sigmoid_lag12": 0.04669924243823999,
    "feat_nose_sigmoid_lag48": 0.027649884777235453,
    "feat_nose_sigmoid_lag288": 0.07314529725765417,
    "feat_tongue_pct_lag12": 0.027484987294207824,
    "feat_tongue_pct_lag48": 0.04044763091088731,
    "feat_tongue_pct_lag288": 0.018367572841626854,
    "feat_body_roc_lag12": -0.026422938682410232,
    "feat_body_roc_lag48": -0.009089980374906409,
    "feat_body_roc_lag288": -0.04100670460295252,
    "feat_pulse_lag12": 0.1537373594486464,
    "feat_pulse_lag48": 0.15568362811889475,
    "feat_pulse_lag288": 0.16152423663073964,
    "feat_aura_lag12": 0.04661966030032751,
    "feat_aura_lag48": 0.0371412832660847,
    "feat_aura_lag288": 0.030930508444842412,
    "feat_mind_lag12": 0.019771059037974225,
    "feat_mind_lag48": 0.0320740170345972,
    "feat_mind_lag288": 0.07112570757039963
  }
}