{
  "neg_ic_feats": [
    "feat_ear",
    "feat_nose",
    "feat_tongue",
    "feat_pulse",
    "feat_mind",
    "feat_ear_lag12",
    "feat_ear_lag48",
    "feat_nose_lag12",
    "feat_nose_lag48",
    "feat_nose_lag288",
    "feat_tongue_lag48",
    "feat_body_lag48",
    "feat_body_lag288",
    "feat_pulse_lag12",
    "feat_pulse_lag288",
    "feat_mind_lag12"
  ],
  "ic_map": {
    "feat_eye": NaN,
    "feat_ear": -0.031596003582837616,
    "feat_nose": -0.0183400229346521,
    "feat_tongue": -0.007343218215923514,
    "feat_body": 0.04009639276043318,
    "feat_pulse": -0.03158129716895762,
    "feat_aura": NaN,
    "feat_mind": -0.027226962412879373,
    "feat_whisper": NaN,
    "feat_tone": NaN,
    "feat_chorus": NaN,
    "feat_hype": NaN,
    "feat_oracle": NaN,
    "feat_shock": NaN,
    "feat_tide": NaN,
    "feat_storm": NaN,
    "feat_eye_lag12": NaN,
    "feat_eye_lag48": NaN,
    "feat_eye_lag288": NaN,
    "feat_ear_lag12": -0.0030360527687160847,
    "feat_ear_lag48": -0.05618596063601516,
    "feat_ear_lag288": 0.01806591918549055,
    "feat_nose_lag12": -0.009266230183926544,
    "feat_nose_lag48": -0.046786168413283945,
    "feat_nose_lag288": -0.005233948757547876,
    "feat_tongue_lag12": 0.027227552534996393,
    "feat_tongue_lag48": -0.016310784560370016,
    "feat_tongue_lag288": 0.02098371415021833,
    "feat_body_lag12": 0.059379180509604564,
    "feat_body_lag48": -0.06690856539349849,
    "feat_body_lag288": -0.028043805042199367,
    "feat_pulse_lag12": -0.03424730765472572,
    "feat_pulse_lag48": 0.019840099172882958,
    "feat_pulse_lag288": -0.007603850902923936,
    "feat_aura_lag12": NaN,
    "feat_aura_lag48": NaN,
    "feat_aura_lag288": NaN,
    "feat_mind_lag12": -0.004049992259369693,
    "feat_mind_lag48": 0.02245761729131492,
    "feat_mind_lag288": 0.03610455478385127,
    "feat_whisper_lag12": NaN,
    "feat_whisper_lag48": NaN,
    "feat_whisper_lag288": NaN,
    "feat_tone_lag12": NaN,
    "feat_tone_lag48": NaN,
    "feat_tone_lag288": NaN,
    "feat_chorus_lag12": NaN,
    "feat_chorus_lag48": NaN,
    "feat_chorus_lag288": NaN,
    "feat_hype_lag12": NaN,
    "feat_hype_lag48": NaN,
    "feat_hype_lag288": NaN,
    "feat_oracle_lag12": NaN,
    "feat_oracle_lag48": NaN,
    "feat_oracle_lag288": NaN,
    "feat_shock_lag12": NaN,
    "feat_shock_lag48": NaN,
    "feat_shock_lag288": NaN,
    "feat_tide_lag12": NaN,
    "feat_tide_lag48": NaN,
    "feat_tide_lag288": NaN,
    "feat_storm_lag12": NaN,
    "feat_storm_lag48": NaN,
    "feat_storm_lag288": NaN
  },
  "target": "label_sell_win"
}