{
  "neg_ic_feats": [
    "feat_eye_dist",
    "feat_eye_dist_lag12",
    "feat_eye_dist_lag48",
    "feat_ear_zscore",
    "feat_ear_zscore_lag12",
    "feat_ear_zscore_lag48",
    "feat_ear_zscore_lag288",
    "feat_nose_sigmoid",
    "feat_nose_sigmoid_lag12",
    "feat_nose_sigmoid_lag48",
    "feat_tongue_pct_lag288",
    "feat_body_roc",
    "feat_body_roc_lag12",
    "feat_body_roc_lag48",
    "feat_body_roc_lag288",
    "feat_pulse",
    "feat_pulse_lag12",
    "feat_pulse_lag48",
    "feat_aura",
    "feat_aura_lag12",
    "feat_aura_lag48",
    "feat_aura_lag288",
    "feat_mind",
    "feat_mind_lag12",
    "feat_mind_lag48"
  ],
  "ic_map": {
    "feat_eye_dist": -0.039484998284095,
    "feat_eye_dist_lag12": -0.035142019717605166,
    "feat_eye_dist_lag48": -0.018058581582556178,
    "feat_eye_dist_lag288": 0.008492199832465018,
    "feat_ear_zscore": -0.05960536978064084,
    "feat_ear_zscore_lag12": -0.03577457627157749,
    "feat_ear_zscore_lag48": -0.049817260831340346,
    "feat_ear_zscore_lag288": -0.0012825542902870522,
    "feat_nose_sigmoid": -0.047973907799256636,
    "feat_nose_sigmoid_lag12": -0.027552310487440744,
    "feat_nose_sigmoid_lag48": -0.08765737555512784,
    "feat_nose_sigmoid_lag288": 0.0377103377155138,
    "feat_tongue_pct": 0.056022488900281574,
    "feat_tongue_pct_lag12": 0.07281992411050542,
    "feat_tongue_pct_lag48": 0.005325539331607764,
    "feat_tongue_pct_lag288": -0.007433062639058527,
    "feat_body_roc": -0.017199656837041482,
    "feat_body_roc_lag12": -0.03313254206951152,
    "feat_body_roc_lag48": -0.02329195872863929,
    "feat_body_roc_lag288": -0.03045571827052687,
    "feat_pulse": -0.020901740135204787,
    "feat_pulse_lag12": -0.007952944469741449,
    "feat_pulse_lag48": -0.012800576135598738,
    "feat_pulse_lag288": 0.06430727047762057,
    "feat_aura": -0.06760761478268462,
    "feat_aura_lag12": -0.05821502850003406,
    "feat_aura_lag48": -0.03926090415466079,
    "feat_aura_lag288": -0.01634297902099023,
    "feat_mind": -0.0924011252021483,
    "feat_mind_lag12": -0.06033159778967795,
    "feat_mind_lag48": -0.06793428138661767,
    "feat_mind_lag288": 0.01932737953442124
  }
}