{
  "neg_ic_feats": [
    "feat_ear_zscore",
    "feat_body_roc",
    "feat_mind",
    "feat_ear_zscore_lag48",
    "feat_ear_zscore_lag288",
    "feat_body_roc_lag12",
    "feat_body_roc_lag48",
    "feat_body_roc_lag288"
  ],
  "ic_map": {
    "feat_eye_dist": 0.038092723199607645,
    "feat_ear_zscore": -0.019193997102508638,
    "feat_nose_sigmoid": 0.026107372743109,
    "feat_tongue_pct": 0.04351279202219754,
    "feat_body_roc": -0.021028391819762016,
    "feat_pulse": 0.15033708208901014,
    "feat_aura": 0.05217388248102303,
    "feat_mind": -0.01522176301990321,
    "feat_eye_dist_lag12": 0.0382932294518998,
    "feat_eye_dist_lag48": 0.036929017829320426,
    "feat_eye_dist_lag288": 0.025214481783284465,
    "feat_ear_zscore_lag12": 0.0014852826731877866,
    "feat_ear_zscore_lag48": -0.013805220591003111,
    "feat_ear_zscore_lag288": -0.035251375571183866,
    "feat_nose_sigmoid_lag12": 0.0464354064107224,
    "feat_nose_sigmoid_lag48": 0.028262108493311802,
    "feat_nose_sigmoid_lag288": 0.07133286978880776,
    "feat_tongue_pct_lag12": 0.029082731534196216,
    "feat_tongue_pct_lag48": 0.04078554705882692,
    "feat_tongue_pct_lag288": 0.018390219271249283,
    "feat_body_roc_lag12": -0.02823283303566608,
    "feat_body_roc_lag48": -0.007790915190320493,
    "feat_body_roc_lag288": -0.04118086231414381,
    "feat_pulse_lag12": 0.15110960235847692,
    "feat_pulse_lag48": 0.15357027313776,
    "feat_pulse_lag288": 0.15935908960649808,
    "feat_aura_lag12": 0.04822419636664112,
    "feat_aura_lag48": 0.035367067967164795,
    "feat_aura_lag288": 0.02752379677976513,
    "feat_mind_lag12": 0.02180298241877152,
    "feat_mind_lag48": 0.033730385205110056,
    "feat_mind_lag288": 0.06830923567324808
  }
}