{
  "neg_ic_feats": [
    "feat_eye_dist",
    "feat_ear_zscore",
    "feat_nose_sigmoid",
    "feat_body_roc",
    "feat_pulse",
    "feat_aura",
    "feat_mind"
  ],
  "ic_map": {
    "feat_eye_dist": -0.0771375942761945,
    "feat_ear_zscore": -0.03928055160246401,
    "feat_nose_sigmoid": -0.026083166054744217,
    "feat_tongue_pct": 0.037954751432622724,
    "feat_body_roc": -0.028616002125339955,
    "feat_pulse": -0.04694609852058486,
    "feat_aura": -0.0635386928292856,
    "feat_mind": -0.0792034616039835
  }
}