{
  "neg_ic_feats": [
    "feat_ear_zscore",
    "feat_body_roc",
    "feat_mind",
    "feat_ear_zscore_lag48",
    "feat_ear_zscore_lag288",
    "feat_body_roc_lag12",
    "feat_body_roc_lag48",
    "feat_body_roc_lag288"
  ],
  "ic_map": {
    "feat_eye_dist": 0.03918495815079978,
    "feat_ear_zscore": -0.01863767625672769,
    "feat_nose_sigmoid": 0.03498827722685994,
    "feat_tongue_pct": 0.04357581242311436,
    "feat_body_roc": -0.021226402985733705,
    "feat_pulse": 0.1536159498361768,
    "feat_aura": 0.04834922550099747,
    "feat_mind": -0.015661046605190333,
    "feat_eye_dist_lag12": 0.03978182673317992,
    "feat_eye_dist_lag48": 0.039148769466193487,
    "feat_eye_dist_lag288": 0.02938070858290406,
    "feat_ear_zscore_lag12": 0.0020891444026903167,
    "feat_ear_zscore_lag48": -0.013639527449212242,
    "feat_ear_zscore_lag288": -0.0360861400640325,
    "feat_nose_sigmoid_lag12": 0.05662669786411091,
    "feat_nose_sigmoid_lag48": 0.06692207003798543,
    "feat_nose_sigmoid_lag288": 0.055318579856609505,
    "feat_tongue_pct_lag12": 0.027622825797504042,
    "feat_tongue_pct_lag48": 0.04052177045688169,
    "feat_tongue_pct_lag288": 0.018008247318674765,
    "feat_body_roc_lag12": -0.026534200861930646,
    "feat_body_roc_lag48": -0.009114984949051198,
    "feat_body_roc_lag288": -0.04056868264860334,
    "feat_pulse_lag12": 0.15430114362311176,
    "feat_pulse_lag48": 0.15626845851221413,
    "feat_pulse_lag288": 0.16202804472013588,
    "feat_aura_lag12": 0.045973371129985535,
    "feat_aura_lag48": 0.03748624097706646,
    "feat_aura_lag288": 0.03164593641281629,
    "feat_mind_lag12": 0.01959802849175262,
    "feat_mind_lag48": 0.03168055780857902,
    "feat_mind_lag288": 0.0717631499241591
  }
}