{
  "neg_ic_feats": [
    "feat_pulse",
    "feat_mind",
    "feat_vix",
    "feat_dxy",
    "feat_macd_hist",
    "feat_4h_dist_swing_low",
    "feat_ear_lag12",
    "feat_ear_lag288",
    "feat_nose_lag288",
    "feat_tongue_lag288",
    "feat_body_lag288",
    "feat_pulse_lag48",
    "feat_pulse_lag288",
    "feat_aura_lag12",
    "feat_aura_lag48",
    "feat_aura_lag288",
    "feat_mind_lag12",
    "feat_mind_lag48",
    "feat_mind_lag288",
    "feat_vix_lag288",
    "feat_dxy_lag12",
    "feat_dxy_lag48",
    "feat_dxy_lag288",
    "feat_rsi14_lag288",
    "feat_macd_hist_lag12",
    "feat_vwap_dev_lag12",
    "feat_vwap_dev_lag48",
    "feat_vwap_dev_lag288",
    "feat_bb_pct_b_lag12",
    "feat_4h_bias50_lag12",
    "feat_4h_bias50_lag48",
    "feat_4h_bias50_lag288",
    "feat_4h_bias20_lag12",
    "feat_4h_bias20_lag288",
    "feat_4h_rsi14_lag12",
    "feat_4h_rsi14_lag48",
    "feat_4h_rsi14_lag288",
    "feat_4h_macd_hist_lag48",
    "feat_4h_macd_hist_lag288",
    "feat_4h_bb_pct_b_lag288",
    "feat_4h_ma_order_lag12",
    "feat_4h_ma_order_lag48",
    "feat_4h_ma_order_lag288",
    "feat_4h_dist_swing_low_lag12",
    "feat_4h_dist_swing_low_lag48",
    "feat_4h_dist_swing_low_lag288"
  ],
  "ic_map": {
    "feat_eye": 0.19321344195816198,
    "feat_ear": 0.07400116227013273,
    "feat_nose": 0.060262347502203904,
    "feat_tongue": 0.41629030404002804,
    "feat_body": 0.0806900956762893,
    "feat_pulse": -0.2987859596421907,
    "feat_aura": 0.08693197592223478,
    "feat_mind": -0.050370302511174324,
    "feat_vix": -0.40491500356238225,
    "feat_dxy": -0.44071755852895433,
    "feat_rsi14": 0.13903216424024784,
    "feat_macd_hist": -0.052337575688378164,
    "feat_atr_pct": 0.2858278732085806,
    "feat_vwap_dev": 0.38591840331455574,
    "feat_bb_pct_b": 0.06643099374492141,
    "feat_4h_bias50": 0.06023864949694928,
    "feat_4h_bias20": 0.03722407113721254,
    "feat_4h_rsi14": 0.08757577809062486,
    "feat_4h_macd_hist": 0.1355479278452633,
    "feat_4h_bb_pct_b": 0.14716172969368815,
    "feat_4h_ma_order": 0.10455666747695225,
    "feat_4h_dist_swing_low": -0.3965276505777175,
    "feat_eye_lag12": 0.012607372494479371,
    "feat_eye_lag48": 0.08170930410531908,
    "feat_eye_lag288": 0.06078703549027655,
    "feat_ear_lag12": -0.017029876907420624,
    "feat_ear_lag48": 0.04467304473770936,
    "feat_ear_lag288": -0.012611364929172617,
    "feat_nose_lag12": 0.0003019294996036124,
    "feat_nose_lag48": 0.07311115333291424,
    "feat_nose_lag288": -0.001656734974595253,
    "feat_tongue_lag12": 0.051222712094756255,
    "feat_tongue_lag48": 0.041217828053148775,
    "feat_tongue_lag288": -0.013900687367316311,
    "feat_body_lag12": 0.04408794158349513,
    "feat_body_lag48": 0.07442601819724819,
    "feat_body_lag288": -0.024559851541831844,
    "feat_pulse_lag12": 0.030555292538338014,
    "feat_pulse_lag48": -0.033014168452176994,
    "feat_pulse_lag288": -0.027540835928768232,
    "feat_aura_lag12": -0.004641871153499345,
    "feat_aura_lag48": -0.025273665805682882,
    "feat_aura_lag288": -0.023465550195545807,
    "feat_mind_lag12": -0.03812345702563765,
    "feat_mind_lag48": -0.0555190023689166,
    "feat_mind_lag288": -0.029199602633585075,
    "feat_vix_lag12": 0.08285388202106898,
    "feat_vix_lag48": 0.008024285097498403,
    "feat_vix_lag288": -0.0069790950199146,
    "feat_dxy_lag12": -0.011264564235672101,
    "feat_dxy_lag48": -0.03182621924686574,
    "feat_dxy_lag288": -0.006237964007827777,
    "feat_rsi14_lag12": 0.0048417654200298525,
    "feat_rsi14_lag48": 0.04668033743143966,
    "feat_rsi14_lag288": -0.00808268795352116,
    "feat_macd_hist_lag12": -0.0148205535095303,
    "feat_macd_hist_lag48": 0.07484261855243067,
    "feat_macd_hist_lag288": 0.03753122633584099,
    "feat_atr_pct_lag12": 0.09619432077255888,
    "feat_atr_pct_lag48": 0.07327046955457524,
    "feat_atr_pct_lag288": 0.01493539767732982,
    "feat_vwap_dev_lag12": -0.03223533139350004,
    "feat_vwap_dev_lag48": -0.03530355872729635,
    "feat_vwap_dev_lag288": -0.033746607576602826,
    "feat_bb_pct_b_lag12": -2.6325783247626394e-06,
    "feat_bb_pct_b_lag48": 0.06209254151396267,
    "feat_bb_pct_b_lag288": 0.010484635963096654,
    "feat_4h_bias50_lag12": -0.021567050561408847,
    "feat_4h_bias50_lag48": -0.028160474211173934,
    "feat_4h_bias50_lag288": -0.03213521623014887,
    "feat_4h_bias20_lag12": -0.005991946810547913,
    "feat_4h_bias20_lag48": 0.006428769100567085,
    "feat_4h_bias20_lag288": -0.035310065568313787,
    "feat_4h_rsi14_lag12": -0.012142076932580634,
    "feat_4h_rsi14_lag48": -0.016845359322966012,
    "feat_4h_rsi14_lag288": -0.05166831038269838,
    "feat_4h_macd_hist_lag12": 0.052520321298557826,
    "feat_4h_macd_hist_lag48": -0.026635575537620394,
    "feat_4h_macd_hist_lag288": -0.015764449637865448,
    "feat_4h_bb_pct_b_lag12": 0.032947446585369224,
    "feat_4h_bb_pct_b_lag48": 0.035962725710164865,
    "feat_4h_bb_pct_b_lag288": -0.025178290057665306,
    "feat_4h_ma_order_lag12": -0.030588312414732078,
    "feat_4h_ma_order_lag48": -0.05370949130140445,
    "feat_4h_ma_order_lag288": -0.04910000339636208,
    "feat_4h_dist_swing_low_lag12": -0.013430463263227024,
    "feat_4h_dist_swing_low_lag48": -0.0017589100664376536,
    "feat_4h_dist_swing_low_lag288": -0.02351751514022481
  },
  "ic_global": {
    "feat_eye": 0.030645345069886785,
    "feat_ear": 0.026397407415885525,
    "feat_nose": 0.015250208458816094,
    "feat_tongue": 0.10150536666251961,
    "feat_body": 0.05054049660598388,
    "feat_pulse": 0.04140678030202375,
    "feat_aura": 0.017333077307553218,
    "feat_mind": -0.01852127792229161,
    "feat_vix": 0.1448865050198627,
    "feat_dxy": -0.007158489803469124,
    "feat_rsi14": 0.020835768022324747,
    "feat_macd_hist": 0.010481610540656204,
    "feat_atr_pct": 0.11323631635204556,
    "feat_vwap_dev": -0.02771183558157824,
    "feat_bb_pct_b": 0.014900075576254914,
    "feat_4h_bias50": -0.003406611416131172,
    "feat_4h_bias20": 0.023417349984968094,
    "feat_4h_rsi14": 0.009630272162537637,
    "feat_4h_macd_hist": 0.04723367997980866,
    "feat_4h_bb_pct_b": 0.05012856409072048,
    "feat_4h_ma_order": -0.021935441938915466,
    "feat_4h_dist_swing_low": 0.01663483673219573,
    "feat_eye_lag12": 0.012607372494479371,
    "feat_eye_lag48": 0.08170930410531908,
    "feat_eye_lag288": 0.06078703549027655,
    "feat_ear_lag12": -0.017029876907420624,
    "feat_ear_lag48": 0.04467304473770936,
    "feat_ear_lag288": -0.012611364929172617,
    "feat_nose_lag12": 0.0003019294996036124,
    "feat_nose_lag48": 0.07311115333291424,
    "feat_nose_lag288": -0.001656734974595253,
    "feat_tongue_lag12": 0.051222712094756255,
    "feat_tongue_lag48": 0.041217828053148775,
    "feat_tongue_lag288": -0.013900687367316311,
    "feat_body_lag12": 0.04408794158349513,
    "feat_body_lag48": 0.07442601819724819,
    "feat_body_lag288": -0.024559851541831844,
    "feat_pulse_lag12": 0.030555292538338014,
    "feat_pulse_lag48": -0.033014168452176994,
    "feat_pulse_lag288": -0.027540835928768232,
    "feat_aura_lag12": -0.004641871153499345,
    "feat_aura_lag48": -0.025273665805682882,
    "feat_aura_lag288": -0.023465550195545807,
    "feat_mind_lag12": -0.03812345702563765,
    "feat_mind_lag48": -0.0555190023689166,
    "feat_mind_lag288": -0.029199602633585075,
    "feat_vix_lag12": 0.08285388202106898,
    "feat_vix_lag48": 0.008024285097498403,
    "feat_vix_lag288": -0.0069790950199146,
    "feat_dxy_lag12": -0.011264564235672101,
    "feat_dxy_lag48": -0.03182621924686574,
    "feat_dxy_lag288": -0.006237964007827777,
    "feat_rsi14_lag12": 0.0048417654200298525,
    "feat_rsi14_lag48": 0.04668033743143966,
    "feat_rsi14_lag288": -0.00808268795352116,
    "feat_macd_hist_lag12": -0.0148205535095303,
    "feat_macd_hist_lag48": 0.07484261855243067,
    "feat_macd_hist_lag288": 0.03753122633584099,
    "feat_atr_pct_lag12": 0.09619432077255888,