{
  "train_accuracy": 0.7110426648414329,
  "cv_accuracy": 0.5095140314852841,
  "cv_std": 0.007068216642532848,
  "n_samples": 8770,
  "n_features": 36,
  "trained_at": "2026-04-03T23:54:37.629528"
}