{
  "train_accuracy": 0.7226785306867443,
  "cv_accuracy": 0.5223819301848049,
  "cv_std": 0.020866123439203153,
  "n_samples": 8825,
  "n_features": 51,
  "trained_at": "2026-04-04T03:53:32.582970"
}