{
  "train_accuracy": 0.5275663634676072,
  "cv_accuracy": 0.5632311977715877,
  "cv_std": 0.09043071560934485,
  "n_samples": 11110,
  "n_features": 32,
  "trained_at": "2026-04-02T05:25:33.671907"
}