{
  "train_accuracy": 0.5317028985507246,
  "cv_accuracy": 0.42391304347826086,
  "cv_std": 0.09926478310287715,
  "n_samples": 2208,
  "n_features": 8
}