{
  "target_col": "simulated_pyramid_win",
  "train_accuracy": 0.7025277161862528,
  "cv_accuracy": 0.7222715173025732,
  "cv_std": 0.13641529754021378,
  "cv_worst": 0.546583850931677,
  "cv_best": 0.8908606921029282,
  "n_samples": 11275,
  "n_features": 89,
  "positive_ratio": 0.642039911308204,
  "trained_at": "2026-04-10T07:41:50.757724"
}