{
  "train_accuracy": 0.8505589778690394,
  "cv_accuracy": 0.5130732375085557,
  "cv_std": 0.008696717412330511,
  "n_samples": 8770,
  "n_features": 68,
  "trained_at": "2026-04-03T22:38:10.871267"
}