{
  "target_col": "simulated_pyramid_win",
  "train_accuracy": 0.7014991572784529,
  "cv_accuracy": 0.7249334516415261,
  "cv_std": 0.14280339804798828,
  "cv_worst": 0.5377107364685004,
  "cv_best": 0.904170363797693,
  "n_samples": 11273,
  "n_features": 89,
  "positive_ratio": 0.6419764037966823,
  "trained_at": "2026-04-10T06:01:45.499304"
}