{
  "train_accuracy": 0.5275122947016795,
  "cv_accuracy": 0.5630289532293987,
  "cv_std": 0.09063548202132042,
  "n_samples": 11112,
  "n_features": 32,
  "trained_at": "2026-04-02T05:39:00.939385"
}