{
  "train_accuracy": 0.7193702943189596,
  "cv_accuracy": 0.50362765229295,
  "cv_std": 0.014560888186803286,
  "n_samples": 8770,
  "n_features": 40,
  "trained_at": "2026-04-04T00:49:46.230226"
}