{
  "train_accuracy": 0.7132101300479123,
  "cv_accuracy": 0.5052703627652293,
  "cv_std": 0.00509269684811454,
  "n_samples": 8770,
  "n_features": 36,
  "trained_at": "2026-04-03T22:48:53.079978"
}