{
  "train_accuracy": 0.6392284400583156,
  "cv_accuracy": 0.5138627187079408,
  "cv_std": 0.03658904170064141,
  "n_samples": 8917,
  "n_features": 51,
  "trained_at": "2026-04-05T04:36:39.028264"
}