{
  "train_accuracy": 0.6046195652173914,
  "cv_accuracy": 0.45760869565217394,
  "cv_std": 0.08987296747940324,
  "n_samples": 2208,
  "n_features": 8
}