{
  "train_accuracy": 0.7134382842801734,
  "cv_accuracy": 0.5136208076659823,
  "cv_std": 0.008577385460818918,
  "n_samples": 8766,
  "n_features": 51,
  "trained_at": "2026-04-04T02:19:40.458203"
}