{
  "train_accuracy": 0.8016304347826086,
  "cv_accuracy": 0.4277173913043478,
  "cv_std": 0.07984877602152778,
  "n_samples": 2208,
  "n_features": 8
}