{
  "target_col": "simulated_pyramid_win",
  "train_accuracy": 0.6174339083392876,
  "cv_accuracy": 0.5812053115423902,
  "cv_std": 0.04118231869380891,
  "cv_worst": 0.5454545454545454,
  "cv_best": 0.6465781409601634,
  "n_samples": 9797,
  "n_features": 81,
  "positive_ratio": 0.6150862508931305,
  "trained_at": "2026-04-08T12:48:32.505978"
}