{
  "train_accuracy": 0.5224739970282318,
  "cv_accuracy": 0.5642140468227425,
  "cv_std": 0.08901977229782619,
  "n_samples": 11104,
  "n_features": 32,
  "trained_at": "2026-04-02T04:57:26.977362"
}