{
  "train_accuracy": 0.5235354191811346,
  "cv_accuracy": 0.563899721448468,
  "cv_std": 0.08948913529546501,
  "n_samples": 11106,
  "n_features": 32,
  "trained_at": "2026-04-02T05:04:56.396038"
}