{
  "train_acc": 0.7223731884057971,
  "cv_acc": 0.45271739130434785,
  "cv_std": 0.09236892312034439,
  "n_samples": 2208
}