{
  "full_ic": {
    "Eye": {
      "ic": 0.013491343124306212,
      "n": 8766,
      "p": 0.2065783135591162,
      "std": 0.5176603885650447
    },
    "Ear": {
      "ic": -0.04734179252769209,
      "n": 8766,
      "p": 9.236320608050597e-06,
      "std": 0.022106874340604238
    },
    "Nose": {
      "ic": -0.049948825825056144,
      "n": 8766,
      "p": 2.8854719416523627e-06,
      "std": 0.1658595137065113
    },
    "Tongue": {
      "ic": -0.0011686203413162808,
      "n": 8766,
      "p": 0.9128862199844816,
      "std": 0.36901463455818895
    },
    "Body": {
      "ic": -0.04600080795247519,
      "n": 8766,
      "p": 1.6430568300068788e-05,
      "std": 0.3325416279525414
    },
    "Pulse": {
      "ic": 0.005722542599696031,
      "n": 8766,
      "p": 0.5921575994297017,
      "std": 0.24602780192793822
    },
    "Aura": {
      "ic": -0.03629071123654683,
      "n": 8766,
      "p": 0.0006777570479943685,
      "std": 0.028931358025775337
    },
    "Mind": {
      "ic": -0.02455004433008229,
      "n": 8766,
      "p": 0.02152973055734784,
      "std": 0.04992339947038268
    }
  },
  "recent_ic": {},
  "btc_price_approx": 66893,
  "fng": 9,
  "funding_rate": 3.405e-05,
  "open_interest": 90220.096,
  "timestamp": "2026-04-04 05:25"
}