{
  "full_ic": {
    "Eye": {
      "ic": 0.03014574968382106,
      "n": 8917,
      "p": 0.004414624829896015,
      "std": 0.6719564678710437
    },
    "Ear": {
      "ic": -0.04652318309892735,
      "n": 8917,
      "p": 1.1080243655844116e-05,
      "std": 0.02191951617081725
    },
    "Nose": {
      "ic": -0.04569668077626102,
      "n": 8917,
      "p": 1.583206974517174e-05,
      "std": 0.16689793762507832
    },
    "Tongue": {
      "ic": 0.028145344670743002,
      "n": 8917,
      "p": 0.007862569886738259,
      "std": 0.3852658279253587
    },
    "Body": {
      "ic": -0.015172694519716428,
      "n": 8917,
      "p": 0.15196156142277503,
      "std": 0.45118142857899596
    },
    "Pulse": {
      "ic": -0.011961041647840601,
      "n": 8917,
      "p": 0.2587453084703647,
      "std": 0.24671799100842173
    },
    "Aura": {
      "ic": -0.033687541800396285,
      "n": 8917,
      "p": 0.001464805730729799,
      "std": 0.0286881007652083
    },
    "Mind": {
      "ic": -0.022364053986767975,
      "n": 8917,
      "p": 0.034703375128564744,
      "std": 0.04951999413122726
    }
  },
  "recent_ic": {},
  "btc_price_approx": 66893,
  "fng": 9,
  "funding_rate": 3.405e-05,
  "open_interest": 90220.096,
  "timestamp": "2026-04-04 05:25"
}