{
  "neg_ic_feats": [
    "feat_ear_zscore",
    "feat_body_roc",
    "feat_mind",
    "feat_ear_zscore_lag48",
    "feat_ear_zscore_lag288",
    "feat_body_roc_lag12",
    "feat_body_roc_lag48",
    "feat_body_roc_lag288"
  ],
  "ic_map": {
    "feat_eye_dist": 0.038560322826147915,
    "feat_ear_zscore": -0.018976057325984674,
    "feat_nose_sigmoid": 0.02632644569957145,
    "feat_tongue_pct": 0.043752772139049004,
    "feat_body_roc": -0.020831355545027394,
    "feat_pulse": 0.1514651039772576,
    "feat_aura": 0.05089168130613519,
    "feat_mind": -0.015693498493683726,
    "feat_eye_dist_lag12": 0.03885810999780018,
    "feat_eye_dist_lag48": 0.03773861508539296,
    "feat_eye_dist_lag288": 0.026686595593141012,
    "feat_ear_zscore_lag12": 0.0015040790754326193,
    "feat_ear_zscore_lag48": -0.013606439679195313,
    "feat_ear_zscore_lag288": -0.03617126014054338,
    "feat_nose_sigmoid_lag12": 0.04657380653426262,
    "feat_nose_sigmoid_lag48": 0.027753633429450496,
    "feat_nose_sigmoid_lag288": 0.0721135744803588,
    "feat_tongue_pct_lag12": 0.028169574182043373,
    "feat_tongue_pct_lag48": 0.04036772756970467,
    "feat_tongue_pct_lag288": 0.01766923823415891,
    "feat_body_roc_lag12": -0.027193378343775283,
    "feat_body_roc_lag48": -0.008186596987874098,
    "feat_body_roc_lag288": -0.04177646517443692,
    "feat_pulse_lag12": 0.15224291599851159,
    "feat_pulse_lag48": 0.15433988156350198,
    "feat_pulse_lag288": 0.1603213079748284,
    "feat_aura_lag12": 0.04798416027147033,
    "feat_aura_lag48": 0.03612196669810869,
    "feat_aura_lag288": 0.02899474007844633,
    "feat_mind_lag12": 0.02082103455616757,
    "feat_mind_lag48": 0.033214031805110754,
    "feat_mind_lag288": 0.06951561272436022
  }
}