{
  "eye": {
    "ic": -0.0294,
    "pval": 0.000264,
    "n": 15366,
    "sign": -1
  },
  "ear": {
    "ic": -0.0352,
    "pval": 1.3e-05,
    "n": 15366,
    "sign": -1
  },
  "nose": {
    "ic": -0.0477,
    "pval": 0.0,
    "n": 15366,
    "sign": -1
  },
  "tongue": {
    "ic": 0.0459,
    "pval": 0.0,
    "n": 15366,
    "sign": 1
  },
  "body": {
    "ic": 0.0303,
    "pval": 0.000172,
    "n": 15366,
    "sign": 1
  },
  "pulse": {
    "ic": 0.0331,
    "pval": 4e-05,
    "n": 15366,
    "sign": 1
  },
  "aura": {
    "ic": 0.0785,
    "pval": 0.0,
    "n": 15366,
    "sign": 1
  },
  "mind": {
    "ic": -0.0661,
    "pval": 0.0,
    "n": 15366,
    "sign": -1
  }
}