{
  "eye": {
    "ic": -0.0293,
    "pval": 0.00028,
    "n": 15359,
    "sign": -1
  },
  "ear": {
    "ic": -0.035,
    "pval": 1.4e-05,
    "n": 15359,
    "sign": -1
  },
  "nose": {
    "ic": -0.013,
    "pval": 0.108091,
    "n": 15359,
    "sign": -1
  },
  "tongue": {
    "ic": 0.0462,
    "pval": 0.0,
    "n": 15359,
    "sign": 1
  },
  "body": {
    "ic": -0.0124,
    "pval": 0.12374,
    "n": 15359,
    "sign": -1
  },
  "pulse": {
    "ic": 0.0094,
    "pval": 0.245509,
    "n": 15359,
    "sign": 1
  },
  "aura": {
    "ic": 0.0029,
    "pval": 0.720522,
    "n": 15359,
    "sign": 1
  },
  "mind": {
    "ic": -0.0661,
    "pval": 0.0,
    "n": 15359,
    "sign": -1
  }
}