{
  "timestamp": "2026-04-04T06:59:50.779999",
  "recent_n": 1500,
  "results": {
    "bear": {
      "n_samples": 693,
      "n_features": 2,
      "selected_features": [
        "feat_nose",
        "feat_pulse"
      ],
      "train_acc": 0.6190476190476191,
      "cv_mean": 0.5512265512265513,
      "cv_std": 0.012413167773510272,
      "cv_scores": [
        0.5367965367965368,
        0.5670995670995671,
        0.5497835497835498
      ]
    },
    "bull": {
      "n_samples": 334,
      "n_features": 4,
      "selected_features": [
        "feat_eye",
        "feat_tongue",
        "feat_body",
        "feat_mind"
      ],
      "train_acc": 0.7365269461077845,
      "cv_mean": 0.6258043758043758,
      "cv_std": 0.05672486460135726,
      "cv_scores": [
        0.6071428571428571,
        0.7027027027027027,
        0.5675675675675675
      ]
    },
    "chop": {
      "n_samples": 473,
      "n_features": 7,
      "selected_features": [
        "feat_eye",
        "feat_ear",
        "feat_tongue",
        "feat_body",
        "feat_pulse",
        "feat_aura",
        "feat_mind"
      ],
      "train_acc": 0.7378435517970402,
      "cv_mean": 0.6152678115509688,
      "cv_std": 0.061373057984158715,
      "cv_scores": [
        0.5316455696202531,
        0.6772151898734177,
        0.6369426751592356
      ]
    }
  }
}